node,seg_id
0,22
1,22
2,22
3,22
4,22
5,22
6,22
7,22
8,22
9,22
10,22
11,22
12,22
13,22
14,22
15,22
16,22
17,22
18,22
19,22
20,22
21,22
22,22
23,22
24,22
25,22
26,22
27,22
28,22
29,22
30,22
31,22
32,22
33,22
34,22
35,22
36,22
37,22
38,22
39,22
40,22
41,22
42,22
43,22
44,22
45,22
46,22
47,22
48,22
49,22
50,22
51,22
52,22
53,22
54,22
55,22
56,22
57,22
58,22
59,22
60,22
61,22
62,22
63,22
64,22
65,22
66,22
67,22
68,22
69,22
70,22
71,22
72,22
73,22
74,22
75,22
76,22
77,22
78,22
79,22
80,22
81,22
82,22
83,22
84,22
85,22
86,22
87,22
88,22
89,22
90,22
91,22
92,22
96,22
97,22
98,22
99,22
100,22
101,22
102,22
103,22
105,22
108,22
109,22
110,22
111,22
112,22
113,22
114,22
115,22
116,22
117,22
118,22
119,22
120,22
121,22
122,22
123,22
124,22
125,22
126,22
127,22
128,22
129,22
130,22
131,22
132,22
133,22
134,22
135,22
136,22
137,22
138,22
139,22
140,22
141,22
142,22
143,22
144,22
145,22
146,22
147,22
148,22
149,22
150,22
151,22
152,22
153,22
154,22
155,22
156,22
157,22
158,22
159,22
160,22
161,22
162,22
163,22
164,22
165,22
166,22
167,22
168,22
169,22
170,22
171,22
172,22
173,22
174,22
175,22
176,22
177,22
178,22
179,22
180,22
181,22
182,22
183,22
184,22
185,22
186,22
187,22
188,22
189,22
190,22
191,22
192,22
193,22
194,22
195,22
196,22
197,22
198,22
199,22
200,22
201,22
202,22
203,22
204,22
205,22
206,22
207,22
208,22
209,22
210,22
211,22
212,22
213,22
214,22
215,22
216,22
217,22
218,22
219,22
220,22
221,22
222,22
223,22
224,22
225,22
226,22
227,22
228,22
229,22
230,22
231,22
232,22
233,22
234,22
235,22
236,22
237,22
238,22
239,22
240,22
241,22
242,22
244,22
245,22
246,22
247,22
248,22
249,22
257,22
266,22
271,22
272,22
275,22
276,22
278,22
281,22
282,22
283,22
284,22
285,22
286,22
287,22
288,22
290,22
293,22
294,22
297,22
298,22
299,22
300,22
301,22
302,22
303,22
304,22
305,22
306,22
307,22
308,22
309,22
310,22
311,22
312,22
313,22
314,22
315,22
316,22
317,22
318,22
319,22
320,22
321,22
322,22
323,22
324,22
325,22
326,22
327,22
328,22
329,22
330,22
331,22
332,22
333,22
334,22
335,22
336,22
337,22
338,22
339,22
340,22
341,22
342,22
343,22
344,22
345,22
346,22
347,22
348,22
349,22
350,22
351,22
352,22
353,22
354,22
355,22
356,22
357,22
358,22
359,22
360,22
361,22
362,22
363,22
364,22
365,22
366,22
367,22
368,22
369,22
370,22
371,22
372,22
373,22
374,22
375,22
376,22
377,22
378,22
379,22
380,22
381,22
382,22
383,22
384,22
385,22
386,22
387,22
388,22
389,22
390,22
391,22
392,22
393,22
394,22
395,22
396,22
397,22
398,22
399,22
400,22
401,22
402,22
403,22
406,22
407,22
408,22
409,22
410,22
411,22
412,22
413,22
414,22
415,22
418,22
422,22
423,22
424,22
426,22
427,22
435,22
436,22
437,22
438,22
439,22
440,22
441,22
442,22
447,22
448,22
451,22
452,22
453,22
454,22
455,22
456,22
457,22
458,22
459,22
460,22
461,22
462,22
463,22
464,22
465,22
466,22
467,22
468,22
469,22
470,22
471,22
472,22
473,22
474,22
475,22
476,22
477,22
478,22
480,22
481,22
482,22
483,22
484,22
485,22
486,22
487,22
488,22
489,22
492,22
496,22
497,22
498,22
499,22
500,22
501,22
509,22
531,22
532,22
537,22
538,22
539,22
540,22
541,22
542,22
543,22
544,22
550,22
551,22
552,22
553,22
554,22
555,22
556,22
557,22
558,22
562,22
563,22
566,22
567,22
568,22
569,22
570,22
571,22
572,22
573,22
574,22
575,22
582,22
583,22
584,22
585,22
586,22
587,22
588,22
589,22
594,22
595,22
598,22
599,22
600,22
601,22
602,22
603,22
604,22
605,22
606,22
607,22
609,22
610,22
611,22
612,22
613,22
614,22
615,22
616,22
617,22
618,22
619,22
620,22
621,22
622,22
623,22
624,22
625,22
626,22
627,22
628,22
629,22
630,22
631,22
632,22
633,22
634,22
635,22
636,22
637,22
638,22
639,22
640,22
641,22
642,22
643,22
644,22
645,22
646,22
647,22
649,22
650,22
651,22
652,22
653,22
654,22
655,22
656,22
657,22
658,22
661,22
662,22
665,22
666,22
667,22
668,22
669,22
670,22
671,22
672,22
673,22
674,22
681,22
682,22
685,22
756,22
757,22
759,22
762,22
765,22
766,22
767,22
768,22
769,22
770,22
771,22
772,22
773,22
774,22
775,22
776,22
777,22
778,22
779,22
780,22
781,22
782,22
783,22
784,22
785,22
786,22
787,22
788,22
789,22
790,22
791,22
792,22
793,22
794,22
795,22
796,22
797,22
798,22
799,22
800,22
801,22
802,22
803,22
804,22
805,22
806,22
807,22
808,22
809,22
810,22
811,22
812,22
813,22
814,22
815,22
816,22
817,22
818,22
819,22
820,22
821,22
822,22
823,22
824,22
825,22
826,22
827,22
828,22
829,22
830,22
834,22
835,22
836,22
837,22
838,22
840,22
884,22
885,22
888,22
889,22
890,22
891,22
897,22
898,22
899,22
900,22
901,22
902,22
903,22
904,22
905,22
906,22
908,22
909,22
910,22
911,22
912,22
913,22
914,22
915,22
916,22
917,22
918,22
919,22
920,22
921,22
922,22
923,22
924,22
925,22
926,22
927,22
928,22
929,22
930,22
931,22
932,22
933,22
934,22
935,22
936,22
937,22
938,22
939,22
940,22
941,22
942,22
943,22
944,22
945,22
946,22
947,22
948,22
949,22
950,22
951,22
952,22
953,22
954,22
955,22
956,22
957,22
958,22
959,22
960,22
961,22
962,22
963,22
964,22
965,22
966,22
967,22
968,22
969,22
970,22
971,22
972,22
973,22
974,22
975,22
976,22
977,22
978,22
979,22
980,22
981,22
982,22
983,22
984,22
985,22
986,22
987,22
988,22
989,22
990,22
991,22
992,22
993,22
994,22
995,22
996,22
997,22
998,22
999,22
1000,22
1001,22
1002,22
1003,22
1004,22
1005,22
1006,22
1007,22
1008,22
1009,22
1010,22
1011,22
1012,22
1013,22
1014,22
1015,22
1016,22
1017,22
1021,22
1022,22
1023,22
1064,22
1065,22
1070,22
1071,22
1074,22
1075,22
1077,22
1080,22
1081,22
1082,22
1084,22
1085,22
1090,22
1091,22
1092,22
1093,22
1094,22
1095,22
1096,22
1097,22
1099,22
1102,22
1103,22
1105,22
1106,22
1107,22
1108,22
1109,22
1110,22
1111,22
1112,22
1113,22
1114,22
1115,22
1116,22
1117,22
1118,22
1119,22
1120,22
1121,22
1122,22
1123,22
1124,22
1125,22
1126,22
1127,22
1128,22
1129,22
1130,22
1131,22
1132,22
1133,22
1134,22
1135,22
1136,22
1137,22
1138,22
1139,22
1140,22
1141,22
1142,22
1143,22
1144,22
1145,22
1146,22
1147,22
1148,22
1154,22
1155,22
1156,22
1157,22
1158,22
1159,22
1160,22
1161,22
1162,22
1163,22
1166,22
1167,22
1170,22
1171,22
1172,22
1173,22
1174,22
1175,22
1176,22
1177,22
1178,22
1179,22
1180,22
1181,22
1182,22
1183,22
1184,22
1185,22
1186,22
1187,22
1188,22
1190,22
1191,22
1192,22
1193,22
1194,22
1195,22
1196,22
1197,22
1206,22
1247,22
1252,22
1270,21
1271,22
1272,22
1273,22
1274,22
1275,22
1276,22
1277,22
1278,22
1279,22
1280,22
1281,22
1282,22
1283,22
1284,22
1285,22
1286,22
1287,22
1288,22
1289,22
1290,22
1291,22
1292,22
1293,22
1294,22
1295,22
1296,22
1297,22
1298,22
1299,22
1300,22
1301,22
1302,22
1303,22
1304,22
1305,22
1307,22
1308,22
1309,22
1315,22
1358,20
1359,20
1360,20
1361,20
1362,20
1363,21
1364,21
1365,21
1366,21
1367,21
1368,21
1369,21
1370,21
1371,21
1372,21
1373,21
1374,21
1375,21
1376,21
1377,21
1378,21
1379,21
1380,21
1381,21
1382,21
1383,21
1384,21
1387,21
1388,22
1389,21
1390,22
1391,22
1392,22
1393,22
1394,22
1395,21
1396,22
1399,22
1403,22
1404,22
1405,22
1406,22
1407,22
1408,22
1416,22
1417,22
1465,19
1466,19
1467,19
1468,19
1469,19
1470,19
1471,19
1472,19
1473,19
1474,19
1475,19
1476,19
1477,19
1478,19
1479,19
1480,20
1481,19
1482,20
1483,20
1484,20
1485,20
1486,20
1487,20
1488,20
1489,20
1490,20
1491,20
1492,20
1493,20
1494,20
1495,20
1496,20
1497,20
1498,20
1499,20
1500,20
1501,20
1502,20
1503,20
1504,20
1505,20
1506,20
1507,20
1508,20
1509,20
1510,20
1511,20
1512,20
1513,20
1514,20
1515,20
1516,20
1517,20
1518,20
1519,20
1520,20
1527,20
1528,20
1529,20
1530,20
1531,21
1532,21
1533,20
1534,21
1543,21
1544,21
1545,21
1546,21
1547,21
1548,21
1549,21
1605,14
1606,14
1607,14
1608,14
1609,14
1610,14
1611,14
1612,17
1613,17
1614,17
1615,17
1616,17
1617,17
1618,18
1619,18
1620,18
1621,18
1622,18
1623,18
1624,18
1625,18
1626,18
1627,18
1628,18
1629,18
1630,18
1631,18
1632,18
1633,18
1634,18
1635,18
1636,18
1637,18
1638,18
1639,18
1640,18
1641,18
1642,18
1643,18
1644,18
1645,18
1646,18
1647,18
1648,18
1649,18
1650,18
1651,18
1652,18
1653,19
1654,18
1655,18
1656,18
1657,18
1658,18
1659,19
1660,18
1661,19
1662,19
1663,19
1664,19
1665,19
1666,19
1667,19
1668,19
1669,19
1670,19
1671,19
1672,19
1673,19
1674,19
1675,19
1676,19
1677,19
1678,19
1679,19
1680,19
1681,19
1682,19
1683,19
1684,19
1685,19
1686,19
1687,19
1688,19
1689,19
1690,19
1691,19
1692,19
1693,19
1694,19
1695,19
1696,19
1697,19
1698,19
1699,19
1700,19
1701,19
1702,19
1704,19
1705,19
1708,19
1709,19
1710,19
1711,19
1712,19
1713,20
1714,19
1715,20
1716,19
1717,19
1720,19
1724,20
1725,20
1726,20
1727,20
1728,20
1729,20
1730,20
1737,20
1738,20
1741,20
1796,14
1797,14
1798,14
1799,14
1800,14
1801,16
1802,16
1803,16
1804,16
1805,16
1806,16
1807,16
1808,16
1809,16
1810,16
1811,16
1812,16
1813,16
1814,16
1815,16
1816,16
1817,16
1818,16
1819,16
1820,16
1821,16
1822,16
1823,16
1824,16
1825,16
1826,16
1827,16
1828,16
1829,17
1830,16
1831,17
1832,16
1833,16
1834,16
1835,16
1836,16
1837,17
1838,16
1839,17
1840,17
1841,17
1842,17
1843,17
1844,17
1845,17
1846,17
1847,17
1848,17
1849,17
1850,17
1851,17
1852,17
1853,17
1854,17
1855,17
1856,17
1857,17
1858,17
1859,17
1860,17
1861,17
1862,17
1863,17
1864,17
1865,17
1866,17
1867,17
1868,17
1869,17
1870,17
1871,17
1872,17
1873,17
1874,17
1875,17
1876,17
1877,17
1878,17
1879,17
1880,17
1881,17
1882,17
1883,17
1884,17
1885,17
1886,17
1887,17
1888,17
1889,18
1890,17
1891,18
1892,18
1893,18
1894,18
1896,17
1897,18
1898,17
1904,18
1905,18
1908,18
1909,18
1914,18
1915,18
1924,18
1925,18
1926,18
1927,18
1928,18
1929,18
1930,18
1931,18
1940,18
1941,18
1942,18
1943,18
1944,18
1945,18
1946,18
1956,19
1957,19
1958,19
1959,19
1960,19
1961,19
1966,19
1967,19
1970,19
1971,19
2035,14
2036,14
2037,14
2038,14
2039,14
2040,14
2041,15
2042,15
2043,15
2044,15
2045,15
2046,15
2047,15
2048,15
2049,15
2050,15
2051,15
2052,15
2053,15
2054,15
2055,15
2056,15
2057,15
2058,15
2059,15
2060,15
2061,15
2062,15
2063,15
2064,15
2065,15
2066,15
2067,15
2068,15
2069,15
2070,15
2071,15
2072,15
2073,15
2074,16
2075,16
2076,16
2077,16
2078,16
2079,16
2080,16
2081,16
2082,16
2083,16
2084,15
2085,16
2086,16
2087,16
2088,16
2089,16
2090,16
2091,16
2092,16
2093,16
2094,16
2095,16
2096,16
2097,16
2098,16
2099,16
2100,16
2101,16
2102,16
2103,16
2104,16
2105,16
2106,16
2107,16
2108,16
2109,16
2110,16
2111,16
2112,16
2113,16
2114,16
2115,16
2116,16
2117,16
2118,16
2119,16
2120,16
2121,16
2122,16
2123,16
2124,16
2125,16
2126,16
2127,16
2128,16
2129,16
2130,16
2131,16
2132,16
2133,16
2134,16
2135,16
2138,16
2139,16
2140,16
2141,16
2142,16
2143,17
2144,16
2145,17
2146,16
2147,16
2150,16
2151,17
2154,17
2155,17
2156,17
2157,17
2158,17
2159,17
2160,17
2161,17
2162,17
2163,17
2166,17
2170,17
2171,17
2172,17
2173,17
2174,17
2175,17
2176,17
2177,17
2180,17
2181,17
2253,11
2254,11
2255,11
2256,11
2257,11
2258,11
2259,11
2260,12
2261,12
2262,12
2263,12
2264,12
2265,12
2266,14
2267,12
2268,12
2269,12
2270,12
2271,12
2272,12
2273,12
2274,12
2275,12
2276,12
2277,14
2278,14
2279,14
2280,14
2281,14
2282,14
2283,14
2284,14
2285,14
2286,14
2287,14
2288,13
2289,13
2290,13
2291,13
2292,13
2293,14
2294,14
2295,13
2296,14
2297,14
2298,15
2299,14
2300,15
2301,13
2302,13
2303,13
2304,13
2305,14
2306,15
2307,13
2308,15
2309,15
2310,15
2311,15
2312,15
2313,15
2314,15
2315,15
2316,15
2317,15
2318,15
2319,15
2320,15
2321,15
2322,15
2323,15
2324,15
2325,15
2326,15
2327,15
2328,15
2329,15
2330,15
2331,15
2332,15
2333,15
2334,15
2335,15
2336,15
2337,15
2338,15
2339,15
2340,15
2341,15
2342,15
2343,15
2344,15
2345,15
2346,15
2347,15
2348,15
2349,15
2350,15
2351,15
2353,15
2354,15
2355,15
2356,15
2357,15
2358,16
2359,15
2360,16
2361,16
2362,16
2363,16
2364,16
2365,15
2366,16
2367,15
2369,16
2370,16
2373,16
2374,16
2375,16
2376,16
2377,16
2378,16
2381,16
2461,9
2462,10
2463,10
2464,11
2465,11
2466,11
2467,11
2468,11
2469,11
2470,11
2471,11
2472,11
2473,11
2474,11
2475,11
2476,11
2477,11
2478,11
2479,11
2480,11
2481,11
2482,11
2483,11
2484,11
2485,11
2486,12
2487,12
2488,12
2489,11
2490,11
2491,12
2492,12
2493,12
2494,12
2495,12
2496,12
2497,12
2498,12
2499,12
2500,12
2501,13
2502,13
2503,13
2504,13
2505,12
2506,12
2507,12
2508,13
2509,12
2510,12
2511,12
2512,13
2513,13
2514,13
2515,13
2516,13
2517,13
2518,13
2519,13
2520,13
2521,13
2522,13
2523,13
2524,13
2525,13
2526,13
2527,13
2528,13
2529,13
2530,13
2531,13
2532,13
2533,13
2534,13
2535,13
2536,13
2537,13
2538,13
2539,13
2540,13
2541,13
2542,13
2543,13
2544,13
2545,13
2546,13
2547,13
2548,13
2549,13
2550,13
2553,13
2554,13
2555,13
2561,13
2566,15
2567,15
2658,9
2659,9
2660,9
2661,9
2662,9
2663,9
2664,9
2665,9
2666,9
2667,9
2668,9
2669,9
2670,9
2671,9
2672,9
2673,10
2674,10
2675,10
2676,10
2677,10
2678,10
2679,10
2680,10
2681,10
2682,10
2683,10
2684,10
2685,10
2686,10
2687,11
2688,11
2689,11
2690,11
2691,11
2692,11
2693,11
2694,11
2695,11
2696,10
2697,11
2698,11
2699,11
2700,11
2701,11
2702,11
2703,11
2704,11
2705,11
2706,12
2707,12
2708,11
2709,12
2710,11
2711,11
2712,11
2713,11
2714,11
2715,12
2716,11
2717,12
2718,12
2719,12
2720,12
2721,12
2722,13
2723,13
2724,13
2725,13
2726,12
2731,13
2732,13
2735,13
2736,13
2741,13
2821,9
2822,9
2823,9
2824,9
2825,9
2826,9
2827,9
2828,10
2829,9
2830,10
2831,9
2832,9
2833,9
2834,9
2835,10
2839,9
2840,9
2841,10
2843,9
2844,9
2845,10
2846,10
2852,10
2853,10
2856,10
2857,10
2862,10
2863,10
2865,10
2866,11
2867,11
2868,11
2872,11
2873,11
2876,11
2955,8
2956,8
2957,8
2958,8
2959,9
2960,8
2961,8
2962,8
2963,8
2964,8
2965,9
2966,8
2967,9
2968,9
2969,9
2970,9
2971,9
2972,9
2973,9
2974,9
2975,9
2976,9
2977,9
2978,9
2980,9
2984,9
3068,8
3069,8
3070,8
3071,8
3072,8
3073,8
3074,8
3075,8
3076,8
3077,8
3078,8
3079,8
3080,8
3081,8
3082,8
3083,8
3084,8
3085,8
3086,8
3087,8
3088,8
3089,8
3092,8
3093,8
3096,8
3097,8
3098,8
3099,8
3100,8
3101,8
3102,8
3103,8
3104,8
3105,8
3112,8
3113,8
3116,8
3204,7
3205,7
3206,7
3207,7
3208,7
3209,7
3210,7
3211,8
3212,8
3213,8
3214,8
3215,7
3216,7
3217,7
3218,7
3219,7
3220,8
3223,8
3224,8
3225,8
3227,8
3321,7
3322,7
3323,7
3324,7
3325,7
3326,7
3327,7
3328,7
3329,7
3330,7
3331,7
3332,7
3333,7
3335,7
3336,7
3337,7
3343,7
3433,7
3434,7
3435,7
3436,7
3437,7
3438,7
3439,7
3440,7
3441,7
3442,7
3443,7
3444,7
3445,7
3446,7
3447,7
3448,7
3450,7
3451,7
3546,7
3547,7
3548,7
3549,7
3550,7
3551,7
3552,7
3553,7
3554,7
3555,7
3556,7
3557,7
3558,7
3559,7
3561,7
3562,7
3563,7
3564,7
3565,7
3660,6
3661,6
3662,6
3663,6
3664,6
3665,6
3666,7
3667,7
3668,7
3669,7
3670,6
3671,6
3672,6
3673,6
3674,7
3678,7
3679,7
3775,6
3777,6
3778,6
3779,6
3780,6
3781,6
3782,6
3783,6
3784,6
3785,6
3786,6
3787,6
3788,6
3792,6
3885,6
3886,6
3977,6
3978,3
4066,4
4067,3
4154,5
4155,4
4243,5
4244,2
4332,4
4333,2
4421,5
14517,22
14518,22
14519,22
14520,22
14521,22
14522,22
14523,22
14524,22
14525,22
14526,22
14527,22
14528,22
14529,22
14530,22
14531,22
14532,22
14533,22
14534,22
14535,22
14536,22
14537,22
14538,22
14539,22
14540,22
14541,22
14542,22
14543,22
14544,22
14545,22
14546,22
14547,22
14548,22
14549,22
14550,22
14551,22
14552,22
14553,22
14554,22
14555,22
14556,22
14557,22
14558,22
14559,22
14560,22
14561,22
14562,22
14563,22
14564,22
14565,22
14566,22
14567,22
14568,22
14569,22
14570,22
14571,22
14572,22
14573,22
14574,22
14575,22
14576,22
14577,22
14578,22
14579,22
14580,22
14581,22
14582,22
14583,22
14584,22
14585,22
14586,22
14587,22
14588,22
14589,22
14590,22
14591,22
14592,22
14593,22
14594,22
14595,22
14596,22
14597,22
14598,22
14599,22
14600,22
14601,22
14602,22
14603,22
14604,22
14605,22
14606,22
14607,22
14608,22
14609,22
14610,22
14611,22
14612,22
14613,22
14614,22
14615,22
14616,22
14617,22
14618,22
14619,22
14620,22
14621,22
14622,22
14623,22
14624,22
14625,22
14626,22
14627,22
14628,22
14629,22
14630,22
14631,22
14632,22
14633,22
14634,22
14635,22
14636,22
14637,22
14638,22
14639,22
14640,22
14641,22
14642,22
14643,22
14644,22
14645,22
14646,22
14647,22
14648,22
14649,22
14650,22
14651,22
14652,22
14653,22
14654,22
14655,22
14656,22
14657,22
14658,22
14659,22
14660,22
14661,22
14662,22
14663,22
14664,22
14665,22
14666,22
14667,22
14668,22
14669,22
14670,22
14671,22
14672,22
14673,22
14674,22
14675,22
14676,22
14677,22
14678,22
14679,22
14680,22
14681,22
14682,22
14683,22
14684,22
14685,22
14686,22
14687,22
14688,22
14689,22
14690,22
14691,22
14692,22
14693,22
14694,22
14695,22
14696,22
14697,22
14698,22
14699,22
14700,22
14701,22
14702,22
14703,22
14704,22
14705,22
14706,22
14707,22
14708,22
14709,22
14710,22
14711,22
14712,22
14713,22
14714,22
14715,22
14716,22
14717,22
14718,22
14719,22
14720,22
14721,22
14722,22
14723,22
14724,22
14725,22
14726,22
14727,22
14728,22
14729,22
14730,22
14731,22
14732,22
14733,22
14734,22
14735,22
14736,22
14737,22
14738,22
14739,22
14740,22
14741,22
14742,22
14743,22
14744,22
14745,22
14746,22
14747,22
14748,22
14749,22
14750,22
14751,22
14752,22
14753,22
14754,22
14755,22
14756,22
14757,22
14758,22
14759,22
14760,22
14761,22
14762,22
14763,22
14764,22
14765,22
14766,22
14767,22
14768,22
14769,22
14770,22
14771,22
14772,22
14773,22
14774,22
14775,22
14776,22
14777,22
14778,22
14779,22
14780,22
14781,22
14782,22
14783,22
14784,22
14785,22
14786,22
14787,22
14788,22
14789,22
14790,22
14791,22
14792,22
14793,22
14794,22
14795,22
14796,22
14797,22
14798,22
14799,22
14800,22
14801,22
14802,22
14803,22
14804,22
14805,22
14806,22
14807,22
14808,22
14809,22
14810,22
14811,22
14812,22
14813,22
14814,22
14815,22
14816,22
14817,22
14818,22
14819,22
14820,22
14821,22
14822,22
14823,22
14824,22
14825,22
14826,22
14827,22
14828,22
14829,22
14830,22
14831,22
14832,22
14833,22
14834,22
14835,22
14836,22
14837,22
14838,22
14839,22
14843,22
14848,22
14849,22
14850,22
14851,22
14852,22
14853,22
14854,22
14855,22
14856,22
14857,22
14858,22
14859,22
14860,22
14861,22
14862,22
14863,22
14864,22
14865,22
14866,22
14867,22
14868,22
14869,22
14870,22
14871,22
14872,22
14873,22
14874,22
14875,22
14876,22
14877,22
14878,22
14879,22
14881,22
14884,22
14885,22
14886,22
14887,22
14890,22
14893,22
14894,22
14895,22
14896,22
14897,22
14898,22
14899,22
14900,22
14901,22
14902,22
14903,22
14904,22
14905,22
14906,22
14907,22
14908,22
14909,22
14910,22
14911,22
14912,22
14913,22
14914,22
14915,22
14916,22
14917,22
14918,22
14919,22
14920,22
14921,22
14922,22
14923,22
14924,22
14925,22
14926,22
14927,22
14928,22
14929,22
14930,22
14931,22
14932,22
14933,22
14934,22
14935,22
14936,22
14937,22
14938,22
14939,22
14940,22
14941,22
14942,22
14943,22
14944,22
14945,22
14946,22
14947,22
14948,22
14949,22
14950,22
14951,22
14952,22
14953,22
14954,22
14955,22
14956,22
14957,22
14958,22
14959,22
14960,22
14961,22
14962,22
14963,22
14964,22
14965,22
14966,22
14967,22
14968,22
14969,22
14970,22
14971,22
14972,22
14973,22
14974,22
14975,22
14976,22
14977,22
14978,22
14979,22
14980,22
14981,22
14982,22
14983,22
14984,22
14985,22
14986,22
14987,22
14988,22
14989,22
14990,22
14991,22
14992,22
14993,22
14994,22
14995,22
14996,22
14997,22
14998,22
14999,22
15000,22
15001,22
15002,22
15003,22
15004,22
15005,22
15006,22
15007,22
15008,22
15009,22
15010,22
15011,22
15012,22
15013,22
15014,22
15015,22
15016,22
15017,22
15018,22
15019,22
15020,22
15021,22
15022,22
15023,22
15024,22
15025,22
15026,22
15027,22
15028,22
15029,22
15030,22
15031,22
15032,22
15033,22
15034,22
15035,22
15036,22
15037,22
15038,22
15039,22
15040,22
15041,22
15042,22
15043,22
15044,22
15045,22
15046,22
15047,22
15048,22
15049,22
15050,22
15051,22
15052,22
15053,22
15054,22
15055,22
15056,22
15057,22
15058,22
15059,22
15060,22
15061,22
15062,22
15063,22
15064,22
15065,22
15066,22
15067,22
15068,22
15069,22
15070,22
15071,22
15072,22
15073,22
15074,22
15075,22
15076,22
15077,22
15078,22
15079,22
15080,22
15081,22
15082,22
15083,22
15084,22
15085,22
15086,22
15087,22
15088,22
15089,22
15090,22
15091,22
15092,22
15093,22
15094,22
15095,22
15096,22
15097,22
15098,22
15099,22
15100,22
15101,22
15102,22
15103,22
15104,22
15105,22
15106,22
15107,22
15108,22
15109,22
15110,22
15111,22
15112,22
15113,22
15114,22
15115,22
15116,22
15117,22
15118,22
15119,22
15120,22
15121,22
15122,22
15123,22
15124,22
15125,22
15126,22
15127,22
15128,22
15129,22
15130,22
15131,22
15132,22
15133,22
15134,22
15135,22
15136,22
15137,22
15138,22
15139,22
15140,22
15141,22
15142,22
15143,22
15144,22
15145,22
15146,22
15147,22
15148,22
15149,22
15150,22
15151,22
15152,22
15153,22
15154,22
15155,22
15156,22
15157,22
15158,22
15159,22
15160,22
15161,22
15162,22
15163,22
15164,22
15165,22
15166,22
15167,22
15168,22
15169,22
15170,22
15171,22
15172,22
15173,22
15174,22
15175,22
15176,22
15177,22
15178,22
15179,22
15180,22
15181,22
15182,22
15183,22
15184,22
15185,22
15186,22
15187,22
15188,22
15189,22
15190,22
15191,22
15192,22
15193,22
15194,22
15195,22
15196,22
15197,22
15198,22
15199,22
15200,22
15201,22
15202,22
15203,22
15204,22
15205,22
15206,22
15207,22
15208,22
15209,22
15210,22
15211,22
15212,22
15213,22
15214,22
15215,22
15216,22
15217,22
15218,22
15219,22
15220,22
15221,22
15222,22
15223,22
15224,22
15225,22
15226,22
15227,22
15228,22
15229,22
15230,22
15231,22
15232,22
15233,22
15234,22
15235,22
15236,22
15237,22
15238,22
15239,22
15240,22
15241,22
15242,22
15243,22
15244,22
15245,22
15246,22
15247,22
15248,22
15249,22
15250,22
15251,22
15252,22
15253,22
15254,22
15255,22
15256,22
15257,22
15258,22
15259,22
15260,22
15261,22
15262,22
15263,22
15264,22
15265,22
15266,22
15267,22
15268,22
15269,22
15270,22
15271,22
15272,22
15273,22
15274,22
15275,22
15276,22
15277,22
15278,22
15279,22
15280,22
15281,22
15282,22
15283,22
15284,22
15285,22
15286,22
15287,22
15288,22
15289,22
15290,22
15291,22
15292,22
15293,22
15294,22
15295,22
15296,22
15297,22
15298,22
15299,22
15300,22
15301,22
15302,22
15303,22
15304,22
15305,22
15306,22
15307,22
15308,22
15309,22
15310,22
15311,22
15312,22
15313,22
15314,22
15315,22
15316,22
15317,22
15318,22
15319,22
15320,22
15321,22
15322,22
15323,22
15324,22
15325,22
15326,22
15327,22
15328,22
15329,22
15330,22
15331,22
15332,22
15333,22
15334,22
15335,22
15336,22
15337,22
15338,22
15339,22
15340,22
15341,22
15342,22
15343,22
15344,22
15345,22
15346,22
15347,22
15348,22
15349,22
15350,22
15351,22
15352,22
15353,22
15354,22
15355,22
15356,22
15357,22
15358,22
15359,22
15360,22
15361,22
15362,22
15363,22
15364,22
15365,22
15366,22
15367,22
15368,22
15369,22
15370,22
15371,22
15372,22
15373,22
15374,22
15375,22
15376,22
15377,22
15378,22
15379,22
15380,22
15381,22
15382,22
15383,22
15384,22
15385,22
15386,22
15387,22
15388,22
15390,22
15394,22
15395,22
15396,22
15397,22
15398,22
15399,22
15400,22
15401,22
15402,22
15403,22
15404,22
15405,22
15406,22
15407,22
15408,22
15410,22
15411,22
15412,22
15413,22
15414,22
15415,22
15416,22
15418,22
15423,22
15434,22
15435,22
15455,22
15458,22
15459,22
15461,22
15466,22
15467,22
15468,22
15470,22
15471,22
15472,22
15473,22
15476,22
15477,22
15478,22
15479,22
15480,22
15481,22
15482,22
15483,22
15488,22
15489,22
15497,22
15498,22
15499,22
15500,22
15501,22
15502,22
15503,22
15504,22
15505,22
15506,22
15507,22
15508,22
15509,22
15510,22
15511,22
15512,22
15513,22
15514,22
15515,22
15516,22
15517,22
15518,22
15519,22
15520,22
15521,22
15522,22
15523,22
15524,22
15525,22
15526,22
15527,22
15528,22
15530,22
15533,22
15534,22
15539,22
15540,22
15541,22
15542,22
15543,22
15544,22
15545,22
15546,22
15548,22
15551,22
15552,22
15555,22
15556,22
15557,22
15558,22
15559,22
15560,22
15561,22
15562,22
15563,22
15564,22
15565,22
15566,22
15567,22
15568,22
15569,22
15570,22
15571,22
15572,22
15573,22
15574,22
15575,22
15576,22
15577,22
15578,22
15579,22
15580,22
15581,22
15582,22
15583,22
15584,22
15585,22
15586,22
15587,22
15588,22
15589,22
15590,22
15591,22
15592,22
15593,22
15594,22
15595,22
15596,22
15597,22
15598,22
15599,22
15600,22
15601,22
15602,22
15603,22
15604,22
15605,22
15606,22
15607,22
15608,22
15609,22
15610,22
15611,22
15612,22
15613,22
15614,22
15615,22
15616,22
15617,22
15618,22
15619,22
15620,22
15621,22
15622,22
15623,22
15624,22
15625,22
15626,22
15627,22
15628,22
15629,22
15630,22
15631,22
15632,22
15633,22
15634,22
15635,22
15636,22
15637,22
15638,22
15639,22
15640,22
15641,22
15642,22
15643,22
15644,22
15645,22
15646,22
15647,22
15648,22
15649,22
15650,22
15651,22
15652,22
15653,22
15654,22
15655,22
15656,22
15657,22
15658,22
15659,22
15660,22
15661,22
15662,22
15663,22
15664,22
15665,22
15666,22
15667,22
15668,22
15669,22
15670,22
15671,22
15672,22
15673,22
15674,22
15675,22
15676,22
15677,22
15678,22
15679,22
15680,22
15681,22
15682,22
15683,22
15684,22
15685,22
15686,22
15687,22
15688,22
15689,22
15690,22
15691,22
15692,22
15693,22
15694,22
15695,22
15696,22
15697,22
15698,22
15699,22
15700,22
15701,22
15702,22
15703,22
15704,22
15705,22
15706,22
15707,22
15708,22
15709,22
15710,22
15711,22
15712,22
15713,22
15714,22
15715,22
15716,22
15717,22
15718,22
15719,22
15720,22
15721,22
15722,22
15723,22
15724,22
15725,22
15726,22
15727,22
15728,22
15729,22
15730,22
15731,22
15732,22
15733,22
15734,22
15735,22
15736,22
15737,22
15738,22
15739,22
15740,22
15741,22
15742,22
15743,22
15744,22
15745,22
15746,22
15747,22
15748,22
15749,22
15750,22
15751,22
15752,22
15753,22
15754,22
15755,22
15756,22
15757,22
15758,22
15759,22
15760,22
15761,22
15762,22
15763,22
15764,22
15765,22
15766,22
15767,22
15768,22
15769,22
15770,22
15771,22
15772,22
15773,22
15774,22
15775,22
15776,22
15777,22
15778,22
15779,22
15780,22
15781,22
15782,22
15783,22
15784,22
15785,22
15786,22
15787,22
15788,22
15789,22
15790,22
15791,22
15792,22
15793,22
15794,22
15795,22
15796,22
15797,22
15798,22
15799,22
15800,22
15801,22
15802,22
15803,22
15804,22
15805,22
15806,22
15807,22
15808,22
15809,22
15810,22
15811,22
15812,22
15813,22
15814,22
15815,22
15816,22
15817,22
15818,22
15819,22
15820,22
15821,22
15822,22
15823,22
15824,22
15825,22
15826,22
15827,22
15828,22
15829,22
15830,22
15831,22
15832,22
15833,22
15834,22
15835,22
15836,22
15837,22
15838,22
15839,22
15840,22
15841,22
15842,22
15843,22
15844,22
15845,22
15846,22
15847,22
15848,22
15849,22
15850,22
15851,22
15852,22
15853,22
15854,22
15855,22
15856,22
15857,22
15858,22
15859,22
15860,22
15861,22
15862,22
15863,22
15864,22
15865,22
15866,22
15867,22
15868,22
15869,22
15870,22
15871,22
15872,22
15873,22
15874,22
15875,22
15876,22
15877,22
15878,22
15879,22
15880,22
15881,22
15882,22
15883,22
15884,22
15885,22
15886,22
15887,22
15888,22
15889,22
15890,22
15891,22
15892,22
15893,22
15894,22
15895,22
15896,22
15897,22
15898,22
15899,22
15900,22
15901,22
15902,22
15903,22
15904,22
15905,22
15906,22
15907,22
15908,22
15909,22
15910,22
15911,22
15912,22
15913,22
15914,22
15915,22
15916,22
15917,22
15918,22
15919,22
15920,22
15921,22
15922,22
15923,22
15924,22
15925,22
15926,22
15927,22
15928,22
15929,22
15930,22
15931,22
15932,22
15933,22
15934,22
15935,22
15936,22
15937,22
15938,22
15940,22
15941,22
15942,22
15943,22
15944,22
15945,22
15946,22
15947,22
15948,22
15949,22
15956,22
15957,22
15958,22
15959,22
15960,22
15961,22
15962,22
15963,22
15964,22
15965,22
15966,22
15967,22
15968,22
15969,22
15970,22
15971,22
15972,22
15973,22
15974,22
15975,22
15976,22
15977,22
15978,22
15979,22
15980,22
15981,22
15982,22
15983,22
15984,22
15985,22
15986,22
15987,22
15988,22
15989,22
15990,22
15991,22
15992,22
15993,22
16003,22
16004,22
16007,22
16013,22
16014,22
16015,22
16016,22
16017,22
16018,22
16019,22
16020,22
16021,22
16022,22
16023,22
16025,22
16026,22
16029,22
16030,22
16031,22
16032,22
16033,22
16034,22
16035,22
16036,22
16037,22
16038,22
16041,22
16042,22
16056,22
16057,22
16058,22
16059,22
16060,22
16061,22
16062,22
16063,22
16064,22
16065,22
16068,22
16069,22
16070,22
16071,22
16072,22
16073,22
16074,22
16075,22
16076,22
16077,22
16078,22
16079,22
16080,22
16081,22
16082,22
16083,22
16084,22
16085,22
16086,22
16087,22
16095,22
16096,22
16099,22
16100,22
16101,22
16102,22
16108,22
16109,22
16110,22
16111,22
16112,22
16113,22
16114,22
16115,22
16116,22
16117,22
16118,22
16119,22
16120,22
16121,22
16122,22
16123,22
16124,22
16125,22
16126,22
16127,22
16128,22
16129,22
16130,22
16131,22
16132,22
16133,22
16134,22
16135,22
16136,22
16137,22
16138,22
16141,22
16142,22
16145,22
16146,22
16147,22
16148,22
16149,22
16150,22
16151,22
16152,22
16153,22
16154,22
16155,22
16156,22
16157,22
16158,22
16159,22
16160,22
16161,22
16162,22
16163,22
16164,22
16165,22
16166,22
16167,22
16168,22
16169,22
16170,22
16171,22
16172,22
16173,22
16174,22
16175,22
16176,22
16177,22
16178,22
16179,22
16180,22
16181,22
16182,22
16183,22
16184,22
16185,22
16186,22
16187,22
16188,22
16189,22
16190,22
16191,22
16192,22
16193,22
16194,22
16195,22
16196,22
16197,22
16198,22
16199,22
16200,22
16201,22
16202,22
16203,22
16204,22
16205,22
16206,22
16207,22
16208,22
16211,22
16212,22
16215,22
16216,22
16217,22
16218,22
16219,22
16220,22
16221,22
16222,22
16223,22
16224,22
16225,22
16226,22
16227,22
16228,22
16229,22
16230,22
16231,22
16232,22
16233,22
16234,22
16235,22
16236,22
16237,22
16238,22
16239,22
16240,22
16241,22
16242,22
16243,22
16244,22
16245,22
16246,22
16247,22
16248,22
16249,22
16250,22
16251,22
16252,22
16253,22
16254,22
16262,22
16263,22
16264,22
16275,22
16276,22
16277,22
16278,22
16279,22
16280,22
16281,22
16282,22
16283,22
16284,22
16285,22
16286,22
16287,22
16288,22
16291,22
16292,22
16293,22
16294,22
16295,22
16296,22
16297,22
16298,22
16299,22
16300,22
16318,22
16319,22
16320,22
16321,22
16322,22
16362,22
16367,22
16368,22
16370,22
16371,22
16372,22
16373,22
16374,22
16377,22
16385,22
16386,22
16387,22
16388,22
16389,22
16390,22
16391,22
16392,22
16393,22
16394,22
16397,22
16398,22
16399,22
16400,22
16401,22
16402,22
16403,22
16404,22
16405,22
16406,22
16407,22
16408,22
16409,22
16410,22
16411,22
16412,22
16413,22
16414,22
16415,22
16416,22
16426,22
16431,22
16432,22
16433,22
16434,22
16435,22
16436,22
16437,22
16438,22
16439,22
16440,22
16441,22
16442,22
16443,22
16444,22
16445,22
16446,22
16447,22
16448,22
16449,22
16450,22
16451,22
16452,22
16453,22
16454,22
16455,22
16456,22
16457,22
16458,22
16459,22
16460,22
16461,22
16462,22
16463,22
16464,22
16467,22
16468,22
16473,22
16474,22
16475,22
16476,22
16477,22
16478,22
16479,22
16480,22
16489,22
16490,22
16491,22
16492,22
16493,22
16494,22
16495,22
16496,22
16497,22
16498,22
16499,22
16500,22
16501,22
16502,22
16503,22
16504,22
16505,22
16506,22
16507,22
16508,22
16509,22
16510,22
16511,22
16512,22
16513,22
16514,22
16515,22
16517,22
16518,22
16521,22
16522,22
16523,22
16524,22
16525,22
16526,22
16527,22
16541,22
16542,22
16543,22
16544,22
16545,22
16546,22
16547,22
16548,22
16549,22
16550,22
16553,22
16554,22
16555,22
16556,22
16557,22
16558,22
16559,22
16560,22
16561,22
16562,22
16563,22
16564,22
16565,22
16566,22
16567,22
16568,22
16569,22
16570,22
16571,22
16572,22
16578,22
16583,22
16584,22
16586,22
16587,22
16588,22
16589,22
16590,22
16595,22
16596,22
16599,22
16600,22
16601,22
16602,22
16603,22
16604,22
16605,22
16606,22
16607,22
16608,22
16609,22
16610,22
16611,22
16612,22
16613,22
16614,22
16615,22
16616,22
16617,22
16618,22
16619,22
16620,22
16621,22
16622,22
16623,22
16624,22
16625,22
16626,22
16627,22
16628,22
16629,22
16630,22
16631,22
16632,22
16633,22
16634,22
16635,22
16636,22
16637,22
16638,22
16641,22
16642,22
16644,22
16645,22
16646,22
16647,22
16648,22
16649,22
16650,22
16651,22
16652,22
16653,22
16654,22
16655,22
16656,22
16657,22
16658,22
16659,22
16660,22
16661,22
16662,22
16663,22
16664,22
16665,22
16666,22
16667,22
16668,22
16669,22
16670,22
16671,22
16672,22
16673,22
16674,22
16675,22
16676,22
16677,22
16678,22
16679,22
16680,22
16681,22
16682,22
16683,22
16684,22
16685,22
16686,22
16687,22
16688,22
16689,22
16690,22
16691,22
16692,22
16693,22
16694,22
16695,22
16696,22
16697,22
16698,22
16699,22
16700,22
16701,22
16702,22
16703,22
16704,22
16705,22
16706,22
16707,22
16708,22
16709,22
16710,22
16711,22
16712,22
16713,22
16714,22
16715,22
16716,22
16717,22
16718,22
16719,22
16720,22
16721,22
16722,22
16723,22
16724,22
16725,22
16726,22
16727,22
16728,22
16729,22
16730,22
16731,22
16732,22
16733,22
16734,22
16735,22
16736,22
16737,22
16738,22
16739,22
16740,22
16741,22
16742,22
16743,22
16744,22
16745,22
16746,22
16747,22
16748,22
16749,22
16750,22
16751,22
16752,22
16753,22
16754,22
16755,22
16756,22
16757,22
16758,22
16759,22
16760,22
16761,22
16762,22
16763,22
16764,22
16765,22
16766,22
16767,22
16768,22
16769,22
16770,22
16771,22
16772,22
16773,22
16774,22
16775,22
16776,22
16778,22
16779,22
16782,22
16783,22
16784,22
16785,22
16786,22
16787,22
16788,22
16789,22
16790,22
16791,22
16792,22
16793,22
16794,22
16795,22
16796,22
16797,22
16798,22
16799,22
16800,22
16801,22
16802,22
16803,22
16804,22
16805,22
16806,22
16807,22
16808,22
16809,22
16810,22
16811,22
16812,22
16813,22
16814,22
16815,22
16816,22
16817,22
16818,22
16819,22
16820,22
16821,22
16828,22
16829,22
16830,22
16832,22
16833,22
16838,22
16839,22
16840,22
16841,22
16842,22
16843,22
16844,22
16845,22
16846,22
16847,22
16848,22
16849,22
16850,22
16851,22
16852,22
16853,22
16854,22
16855,22
16856,22
16857,22
16858,22
16859,22
16860,22
16861,22
16862,22
16863,22
16864,22
16865,22
16866,22
16867,22
16868,22
16869,22
16870,22
16871,22
16873,22
16874,22
16875,22
16876,22
16880,22
16881,22
16890,22
16891,22
16892,22
16893,22
16894,22
16895,22
16896,22
16897,22
16898,22
16899,22
16906,22
16907,22
16908,22
16910,22
16911,22
17032,22
17037,22
17038,22
17039,22
17040,22
17041,22
17042,22
17043,22
17044,22
17046,22
17048,22
17049,22
17050,22
17051,22
17052,22
17061,22
17062,22
17063,22
17064,22
17067,22
17069,22
17070,22
17071,22
17072,22
17073,22
17074,22
17075,22
17076,22
17077,22
17078,22
17079,22
17080,22
17081,22
17082,22
17083,22
17084,22
17085,22
17086,22
17087,22
17088,22
17089,22
17090,22
17091,22
17092,22
17093,22
17094,22
17095,22
17096,22
17097,22
17098,22
17099,22
17100,22
17101,22
17102,22
17103,22
17104,22
17105,22
17106,22
17107,22
17108,22
17109,22
17110,22
17111,22
17112,22
17113,22
17114,22
17115,22
17116,22
17117,22
17118,22
17119,22
17120,22
17121,22
17122,22
17123,22
17124,22
17125,22
17126,22
17127,22
17128,22
17129,22
17130,22
17131,22
17132,22
17133,22
17134,22
17135,22
17136,22
17137,22
17138,22
17139,22
17140,22
17141,22
17142,22
17143,22
17144,22
17145,22
17146,22
17147,22
17148,22
17149,22
17150,22
17151,22
17152,22
17153,22
17154,22
17155,22
17156,22
17157,22
17158,22
17159,22
17160,22
17161,22
17162,22
17163,22
17164,22
17165,22
17166,22
17167,22
17168,22
17169,22
17170,22
17171,22
17172,22
17173,22
17174,22
17175,22
17176,22
17177,22
17178,22
17179,22
17180,22
17181,22
17182,22
17183,22
17184,22
17185,22
17186,22
17187,22
17188,22
17189,22
17190,22
17191,22
17192,22
17193,22
17194,22
17195,22
17196,22
17197,22
17198,22
17199,22
17200,22
17201,22
17202,22
17203,22
17204,22
17205,22
17206,22
17207,22
17208,22
17209,22
17210,22
17211,22
17212,22
17213,22
17214,22
17215,22
17216,22
17217,22
17218,22
17219,22
17220,22
17221,22
17222,22
17223,22
17224,22
17225,22
17226,22
17227,22
17228,22
17229,22
17230,22
17231,22
17232,22
17233,22
17234,22
17235,22
17236,22
17237,22
17238,22
17239,22
17240,22
17241,22
17242,22
17243,22
17244,22
17245,22
17246,22
17247,22
17248,22
17249,22
17250,22
17251,22
17252,22
17253,22
17254,22
17255,22
17256,22
17257,22
17258,22
17259,22
17260,22
17261,22
17262,22
17263,22
17264,22
17265,22
17266,22
17267,22
17268,22
17269,22
17270,22
17271,22
17272,22
17273,22
17274,22
17275,22
17276,22
17277,22
17278,22
17279,22
17280,22
17281,22
17282,22
17283,22
17284,22
17285,22
17286,22
17287,22
17288,22
17289,22
17290,22
17291,22
17292,22
17293,22
17294,22
17295,22
17296,22
17297,22
17298,22
17299,22
17300,22
17301,22
17302,22
17303,22
17304,22
17305,22
17306,22
17307,22
17308,22
17309,22
17311,22
17320,22
17321,22
17322,22
17323,22
17324,22
17325,22
17326,22
17327,22
17328,22
17329,22
17330,22
17331,22
17332,22
17333,22
17334,22
17335,22
17336,22
17338,22
17341,22
17342,22
17343,22
17344,22
17403,22
17404,22
17406,22
17407,22
17408,22
17409,22
17410,22
17415,22
17416,22
17419,22
17420,22
17421,22
17422,22
17423,22
17424,22
17425,22
17426,22
17427,22
17428,22
17429,22
17430,22
17431,22
17432,22
17433,22
17434,22
17444,22
17449,22
17450,22
17451,22
17452,22
17453,22
17454,22
17455,22
17456,22
17457,22
17458,22
17459,22
17460,22
17461,22
17462,22
17463,22
17464,22
17465,22
17466,22
17467,22
17468,22
17469,22
17470,22
17471,22
17472,22
17473,22
17474,22
17475,22
17476,22
17477,22
17478,22
17479,22
17480,22
17481,22
17482,22
17483,22
17484,22
17485,22
17486,22
17487,22
17488,22
17490,22
17493,22
17494,22
17495,22
17496,22
17497,22
17498,22
17499,22
17500,22
17501,22
17502,22
17503,22
17504,22
17505,22
17506,22
17507,22
17508,22
17509,22
17510,22
17511,22
17512,22
17513,22
17514,22
17515,22
17516,22
17517,22
17518,22
17519,22
17520,22
17521,22
17522,22
17523,22
17524,22
17525,22
17526,22
17527,22
17528,22
17529,22
17530,22
17531,22
17532,22
17533,22
17534,22
17535,22
17536,22
17537,22
17538,22
17539,22
17540,22
17541,22
17542,22
17543,22
17544,22
17545,22
17546,22
17547,22
17548,22
17549,22
17550,22
17551,22
17552,22
17553,22
17554,22
17555,22
17556,22
17557,22
17558,22
17559,22
17560,22
17561,22
17562,22
17563,22
17564,22
17565,22
17566,22
17567,22
17568,22
17569,22
17570,22
17571,22
17572,22
17573,22
17574,22
17575,22
17576,22
17577,22
17578,22
17579,22
17580,22
17581,22
17582,22
17583,22
17584,22
17585,22
17586,22
17587,22
17588,22
17589,22
17590,22
17591,22
17592,22
17593,22
17594,22
17595,22
17596,22
17597,22
17598,22
17599,22
17600,22
17601,22
17602,22
17603,22
17604,22
17605,22
17606,22
17607,22
17608,22
17609,22
17610,22
17611,22
17612,22
17613,22
17614,22
17615,22
17616,22
17617,22
17618,22
17619,22
17620,22
17621,22
17622,22
17623,22
17624,22
17625,22
17626,22
17627,22
17628,22
17629,22
17630,22
17631,22
17632,22
17633,22
17634,22
17635,22
17636,22
17637,22
17638,22
17639,22
17640,22
17641,22
17642,22
17643,22
17644,22
17645,22
17646,22
17647,22
17648,22
17649,22
17650,22
17651,22
17652,22
17653,22
17654,22
17655,22
17656,22
17657,22
17658,22
17659,22
17660,22
17661,22
17662,22
17663,22
17664,22
17665,22
17666,22
17667,22
17668,22
17669,22
17670,22
17671,22
17672,22
17673,22
17674,22
17675,22
17676,22
17677,22
17678,22
17679,22
17680,22
17681,22
17682,22
17683,22
17684,22
17685,22
17686,22
17687,22
17688,22
17689,22
17690,22
17691,22
17692,22
17693,22
17694,22
17695,22
17696,22
17697,22
17698,22
17699,22
17700,22
17701,22
17702,22
17703,22
17704,22
17705,22
17706,22
17707,22
17708,22
17709,22
17710,22
17711,22
17712,22
17713,22
17714,22
17715,22
17716,22
17717,22
17718,22
17719,22
17720,22
17721,22
17722,22
17723,22
17724,22
17725,22
17726,22
17727,22
17728,22
17729,22
17730,22
17731,22
17732,22
17733,22
17734,22
17735,22
17736,22
17737,22
17738,22
17739,22
17740,22
17741,22
17742,22
17743,22
17744,22
17745,22
17746,22
17747,22
17748,22
17749,22
17750,22
17751,22
17752,22
17753,22
17754,22
17755,22
17756,22
17757,22
17758,22
17759,22
17760,22
17761,22
17762,22
17763,22
17764,22
17765,22
17766,22
17767,22
17768,22
17769,22
17770,22
17771,22
17772,22
17773,22
17774,22
17775,22
17776,22
17777,22
17778,22
17779,22
17780,22
17781,22
17782,22
17783,22
17784,22
17785,22
17786,22
17787,22
17788,22
17789,22
17790,22
17791,22
17792,22
17793,22
17794,22
17795,22
17796,22
17797,22
17798,22
17799,22
17800,22
17801,22
17802,22
17803,22
17804,22
17805,22
17806,22
17807,22
17808,22
17809,22
17810,22
17811,22
17812,22
17813,22
17814,22
17815,22
17816,22
17817,22
17818,22
17819,22
17820,22
17821,22
17822,22
17823,22
17824,22
17825,22
17826,22
17827,22
17828,22
17829,22
17830,22
17831,22
17832,22
17833,22
17834,22
17835,22
17836,22
17837,22
17838,22
17839,22
17840,22
17841,22
17842,22
17843,22
17844,22
17845,22
17846,22
17847,22
17848,22
17849,22
17850,22
17851,22
17852,22
17853,22
17854,22
17855,22
17856,22
17857,22
17858,22
17859,22
17860,22
17861,22
17862,22
17863,22
17864,22
17865,22
17866,22
17867,22
17868,22
17869,22
17870,22
17871,22
17872,22
17873,22
17874,22
17875,22
17876,22
17877,22
17878,22
17879,22
17880,22
17881,22
17882,22
17883,22
17884,22
17885,22
17886,22
17887,22
17888,22
17889,22
17890,22
17891,22
17892,22
17893,22
17894,22
17895,22
17896,22
17897,22
17898,22
17899,22
17900,22
17903,22
17905,22
17908,22
17909,22
17910,22
17911,22
17912,22
17913,22
17914,22
17915,22
17916,22
17917,22
17918,22
17919,22
17920,22
17922,22
17964,22
17969,22
17970,22
17973,22
17974,22
17975,22
17976,22
17981,22
17982,22
17983,22
17984,22
17985,22
17986,22
17987,22
17988,22
17997,22
17998,22
17999,22
18000,22
18001,22
18002,22
18003,22
18004,22
18006,22
18009,22
18010,22
18021,22
18022,22
18023,22
18024,22
18025,22
18026,22
18027,22
18028,22
18029,22
18030,22
18033,22
18034,22
18037,22
18038,22
18039,22
18040,22
18041,22
18042,22
18043,22
18044,22
18050,22
18061,22
18062,22
18063,22
18064,22
18065,22
18066,22
18067,22
18068,22
18069,22
18070,22
18072,22
18073,22
18074,22
18075,22
18076,22
18077,22
18078,22
18079,22
18080,22
18081,22
18082,22
18083,22
18084,22
18085,22
18086,22
18087,22
18088,22
18089,22
18090,22
18091,22
18092,22
18097,22
18098,22
18100,22
18103,22
18104,22
18105,22
18106,22
18107,22
18108,22
18109,22
18110,22
18115,22
18116,22
18119,22
18120,22
18121,22
18122,22
18123,22
18124,22
18125,22
18126,22
18127,22
18128,22
18129,22
18130,22
18131,22
18132,22
18133,22
18134,22
18135,22
18136,22
18137,22
18138,22
18139,22
18140,22
18141,22
18142,22
18143,22
18144,22
18145,22
18146,22
18147,22
18148,22
18149,22
18150,22
18151,22
18152,22
18153,22
18154,22
18155,22
18156,22
18157,22
18158,22
18159,22
18160,22
18163,22
18164,22
18167,22
18168,22
18169,22
18170,22
18171,22
18172,22
18173,22
18174,22
18175,22
18176,22
18178,22
18179,22
18180,22
18181,22
18182,22
18183,22
18184,22
18185,22
18186,22
18187,22
18188,22
18189,22
18190,22
18191,22
18192,22
18193,22
18194,22
18195,22
18196,22
18197,22
18198,22
18199,22
18200,22
18201,22
18202,22
18203,22
18204,22
18205,22
18206,22
18207,22
18208,22
18209,22
18210,22
18211,22
18212,22
18213,22
18214,22
18215,22
18216,22
18217,22
18218,22
18219,22
18220,22
18221,22
18222,22
18223,22
18224,22
18225,22
18226,22
18227,22
18228,22
18229,22
18230,22
18231,22
18232,22
18233,22
18234,22
18235,22
18236,22
18237,22
18238,22
18239,22
18240,22
18241,22
18242,22
18243,22
18244,22
18245,22
18247,22
18248,22
18249,22
18250,22
18251,22
18252,22
18253,22
18254,22
18255,22
18256,22
18257,22
18258,22
18259,22
18260,22
18261,22
18262,22
18263,22
18264,22
18265,22
18266,22
18267,22
18268,22
18269,22
18270,22
18271,22
18272,22
18273,22
18274,22
18275,22
18276,22
18277,22
18278,22
18279,22
18280,22
18281,22
18282,22
18283,22
18284,22
18285,22
18286,22
18287,22
18288,22
18291,22
18299,22
18300,22
18305,22
18306,22
18307,22
18308,22
18309,22
18310,22
18311,22
18312,22
18313,22
18314,22
18315,22
18316,22
18317,22
18318,22
18319,22
18320,22
18321,22
18322,22
18323,22
18324,22
18325,22
18326,22
18327,22
18328,22
18329,22
18330,22
18331,22
18332,22
18333,22
18334,22
18337,22
18338,22
18339,22
18340,22
18343,22
18344,22
18345,22
18346,22
18347,22
18348,22
18349,22
18350,22
18359,22
18360,22
18361,22
18362,22
18363,22
18364,22
18365,22
18366,22
18367,22
18368,22
18369,22
18370,22
18371,22
18372,22
18373,22
18374,22
18375,22
18376,22
18377,22
18378,22
18379,22
18380,22
18381,22
18382,22
18383,22
18384,22
18385,22
18386,22
18387,22
18388,22
18389,22
18390,22
18391,22
18392,22
18393,22
18394,22
18395,22
18396,22
18397,22
18398,22
18399,22
18400,22
18401,22
18402,22
18403,22
18404,22
18405,22
18406,22
18407,22
18408,22
18409,22
18410,22
18411,22
18412,22
18413,22
18414,22
18415,22
18416,22
18417,22
18418,22
18419,22
18420,22
18421,22
18422,22
18423,22
18424,22
18425,22
18431,22
18432,22
18433,22
18434,22
18435,22
18436,22
18437,22
18438,22
18439,22
18440,22
18441,22
18442,22
18443,22
18444,22
18445,22
18446,22
18447,22
18448,22
18449,22
18450,22
18451,22
18452,22
18453,22
18454,22
18455,22
18456,22
18457,22
18458,22
18459,22
18460,22
18461,22
18462,22
18463,22
18464,22
18467,22
18468,22
18473,22
18480,22
18481,22
18482,22
18483,22
18484,22
18488,22
18489,22
18554,22
18555,22
18562,22
18563,22
18564,22
18566,22
18567,22
18572,22
18573,22
18598,21
18599,22
18600,22
18601,22
18602,22
18603,22
18604,22
18605,22
18606,22
18607,22
18608,22
18609,22
18610,22
18611,22
18612,22
18613,22
18614,22
18615,22
18616,22
18617,22
18618,22
18619,22
18620,22
18621,22
18622,22
18623,22
18624,22
18625,22
18626,22
18627,22
18628,22
18629,22
18630,22
18631,22
18632,22
18633,22
18634,22
18635,22
18636,22
18637,22
18638,22
18639,22
18640,22
18641,22
18642,22
18643,22
18644,22
18645,22
18646,22
18647,22
18648,22
18649,22
18650,22
18651,22
18652,22
18653,22
18654,22
18655,22
18656,22
18657,22
18658,22
18659,22
18660,22
18661,22
18662,22
18663,22
18664,22
18665,22
18666,22
18667,22
18668,22
18669,22
18670,22
18671,22
18672,22
18673,22
18674,22
18675,22
18676,22
18677,22
18678,22
18679,22
18680,22
18681,22
18682,22
18683,22
18684,22
18685,22
18686,22
18687,22
18688,22
18689,22
18690,22
18691,22
18692,22
18693,22
18694,22
18695,22
18696,22
18697,22
18698,22
18699,22
18700,22
18701,22
18702,22
18703,22
18704,22
18705,22
18706,22
18707,22
18708,22
18709,22
18710,22
18711,22
18712,22
18713,22
18714,22
18715,22
18716,22
18717,22
18718,22
18719,22
18720,22
18721,22
18722,22
18723,22
18724,22
18726,22
18730,22
18731,22
18732,22
18733,22
18734,22
18735,22
18736,22
18737,22
18738,22
18739,22
18740,22
18741,22
18742,22
18753,22
18754,22
18755,22
18802,20
18803,20
18804,20
18805,20
18806,21
18807,20
18808,20
18809,20
18810,20
18811,20
18812,21
18813,20
18814,20
18815,21
18816,21
18817,21
18818,21
18819,21
18820,21
18821,21
18822,21
18823,21
18824,21
18825,21
18826,21
18827,21
18828,21
18829,21
18830,21
18831,21
18832,21
18833,21
18834,21
18835,21
18836,21
18837,21
18838,21
18839,21
18840,21
18841,21
18842,21
18843,21
18844,21
18845,21
18846,21
18847,21
18848,21
18849,21
18850,21
18851,21
18852,21
18853,21
18854,21
18855,21
18856,21
18857,21
18858,21
18859,21
18860,22
18861,21
18862,21
18863,21
18864,21
18865,21
18866,21
18867,21
18868,21
18869,21
18870,21
18871,21
18872,21
18873,21
18874,21
18875,21
18876,21
18877,21
18878,21
18879,21
18880,21
18881,21
18882,21
18883,21
18884,21
18885,21
18887,21
18888,21
18889,21
18890,21
18891,21
18892,21
18893,21
18894,21
18903,22
18904,22
18905,21
18906,22
18907,22
18908,22
18909,22
18910,22
18911,21
18912,21
18913,21
18914,21
18915,22
18916,22
18917,22
18918,22
18919,22
18920,22
18921,22
18922,22
18923,22
18924,22
18925,22
18926,22
18927,22
18928,22
18929,22
18930,22
18931,22
18932,22
18933,22
18934,22
18935,21
18936,21
18937,21
18939,22
18940,22
18945,22
18946,22
18949,22
18950,22
18955,22
18956,22
18957,22
18958,22
18959,22
18960,22
18961,22
18962,22
18963,22
18964,22
18965,22
18966,22
18967,22
18968,22
18969,22
18970,22
18971,22
18972,22
18973,22
18974,22
18975,22
18976,22
18977,22
18978,22
18979,22
18984,22
18988,22
18991,22
19001,22
19002,22
19003,22
19004,22
19005,22
19006,22
19007,22
19009,22
19068,19
19069,19
19070,19
19071,19
19072,19
19073,19
19074,19
19075,19
19076,19
19077,19
19078,19
19079,19
19080,19
19081,19
19082,19
19083,19
19084,19
19085,19
19086,19
19087,19
19088,19
19089,19
19090,19
19091,19
19092,19
19093,19
19094,19
19095,19
19096,19
19097,19
19098,19
19099,19
19100,19
19101,19
19102,19
19103,19
19104,19
19105,19
19106,19
19107,19
19108,19
19109,19
19110,19
19111,19
19112,19
19113,19
19114,19
19115,20
19116,20
19117,20
19118,20
19119,19
19120,19
19121,19
19122,19
19123,20
19124,20
19125,20
19126,20
19127,20
19128,20
19129,20
19130,20
19131,20
19132,20
19133,20
19134,20
19135,20
19136,20
19137,20
19138,20
19139,20
19140,20
19141,20
19142,20
19143,20
19144,20
19145,20
19146,20
19147,20
19148,20
19149,20
19150,20
19151,20
19152,20
19153,20
19154,20
19155,20
19156,20
19157,20
19158,20
19159,20
19160,20
19161,20
19162,20
19163,20
19164,20
19165,20
19166,20
19167,20
19168,20
19169,20
19170,20
19171,20
19172,20
19173,20
19174,20
19175,20
19176,20
19177,20
19178,20
19179,20
19180,20
19181,20
19182,20
19183,20
19184,20
19185,20
19186,20
19187,20
19188,20
19189,20
19190,20
19191,20
19192,20
19193,20
19194,20
19195,20
19196,20
19197,20
19198,20
19199,20
19200,20
19201,20
19202,20
19203,20
19204,20
19205,20
19206,20
19207,20
19208,20
19209,20
19210,20
19211,20
19212,20
19213,20
19214,20
19215,20
19216,20
19217,20
19218,20
19219,20
19220,20
19221,20
19222,20
19223,20
19224,20
19225,20
19226,20
19227,20
19228,20
19229,20
19230,20
19231,20
19232,20
19233,20
19234,20
19235,20
19236,20
19237,20
19238,20
19239,20
19240,20
19241,20
19242,20
19243,20
19244,20
19245,20
19246,20
19247,20
19248,20
19249,20
19250,20
19251,20
19252,20
19253,20
19254,20
19255,20
19256,20
19257,20
19258,20
19259,20
19260,20
19261,20
19262,20
19263,20
19264,20
19266,20
19271,20
19272,20
19281,20
19282,20
19283,20
19284,20
19285,20
19286,20
19287,20
19288,20
19289,20
19290,20
19291,20
19292,20
19293,20
19294,20
19295,20
19296,20
19297,21
19298,21
19299,20
19300,21
19301,21
19302,21
19303,21
19304,21
19305,20
19306,21
19307,20
19308,21
19309,21
19310,21
19313,20
19314,20
19317,20
19318,20
19330,21
19331,21
19332,21
19333,21
19334,21
19335,21
19336,21
19337,21
19338,21
19339,21
19342,21
19343,21
19346,21
19347,21
19348,21
19349,21
19350,21
19351,21
19352,21
19353,21
19354,21
19355,21
19356,21
19358,21
19370,21
19434,14
19435,14
19436,14
19437,14
19438,14
19439,14
19440,14
19441,14
19442,14
19443,14
19444,14
19445,14
19446,14
19447,14
19448,14
19449,14
19450,14
19451,14
19452,17
19453,17
19454,17
19455,17
19456,17
19457,17
19458,17
19459,17
19460,17
19461,17
19462,17
19463,17
19464,17
19465,17
19466,17
19467,17
19468,17
19469,17
19470,17
19471,17
19472,18
19473,18
19474,17
19475,18
19476,18
19477,18
19478,18
19479,18
19480,18
19481,18
19482,18
19483,18
19484,18
19485,18
19486,18
19487,18
19488,18
19489,18
19490,18
19491,18
19492,18
19493,18
19494,18
19495,18
19496,18
19497,18
19498,18
19499,18
19500,18
19501,18
19502,18
19503,18
19504,18
19505,18
19506,18
19507,18
19508,18
19509,18
19510,18
19511,18
19512,18
19513,18
19514,18
19515,18
19516,18
19517,18
19518,18
19519,18
19520,18
19521,18
19522,18
19523,18
19524,18
19525,18
19526,18
19527,18
19528,18
19529,18
19530,18
19531,18
19532,18
19533,18
19534,18
19535,18
19536,18
19537,18
19538,18
19539,18
19540,18
19541,18
19542,18
19543,18
19544,18
19545,18
19546,18
19547,18
19548,18
19549,18
19550,18
19551,18
19552,18
19553,18
19554,18
19555,18
19556,18
19557,18
19558,18
19559,18
19560,18
19561,18
19562,18
19563,18
19564,18
19565,18
19566,18
19567,18
19568,18
19569,18
19570,18
19571,18
19572,18
19573,18
19574,18
19575,18
19576,18
19577,18
19578,18
19579,18
19580,18
19581,18
19582,18
19583,18
19584,18
19585,18
19586,18
19587,18
19588,18
19589,18
19590,18
19591,18
19592,18
19593,18
19594,19
19595,18
19596,19
19597,18
19598,18
19599,18
19600,18
19601,18
19602,18
19603,18
19604,18
19605,18
19606,18
19607,18
19608,18
19609,18
19610,18
19611,18
19612,18
19613,18
19614,18
19615,18
19616,18
19617,18
19618,19
19619,18
19620,19
19621,18
19622,18
19623,18
19624,18
19625,18
19626,19
19627,18
19628,19
19629,19
19630,19
19631,19
19632,19
19633,19
19634,19
19635,19
19636,19
19637,19
19638,19
19639,19
19640,19
19641,19
19642,19
19643,19
19644,19
19645,19
19646,19
19647,19
19648,19
19649,19
19650,19
19651,19
19652,19
19653,19
19654,19
19655,19
19656,19
19657,19
19658,19
19659,19
19660,19
19661,19
19662,19
19663,19
19664,19
19665,19
19666,19
19667,19
19668,19
19669,19
19670,19
19671,19
19672,19
19673,19
19674,19
19675,19
19676,19
19677,19
19678,19
19679,19
19680,19
19681,19
19682,19
19683,19
19684,19
19685,19
19686,19
19687,19
19688,19
19689,19
19690,19
19691,19
19692,19
19693,19
19694,19
19695,19
19696,19
19697,19
19698,19
19699,19
19700,19
19701,19
19702,19
19703,19
19704,19
19705,19
19706,19
19707,19
19708,19
19709,19
19710,19
19711,19
19712,19
19713,19
19714,19
19715,19
19716,19
19717,19
19718,19
19719,19
19720,19
19721,19
19722,19
19723,19
19724,19
19725,19
19726,19
19727,19
19728,19
19729,19
19730,19
19731,19
19732,19
19733,19
19734,19
19735,19
19736,19
19737,19
19738,19
19739,19
19740,19
19741,19
19742,19
19743,19
19744,19
19745,19
19746,19
19747,19
19748,19
19749,19
19750,19
19751,19
19752,19
19753,19
19754,19
19755,19
19756,19
19757,19
19758,19
19759,19
19760,19
19761,19
19762,19
19763,19
19764,19
19765,19
19766,19
19767,19
19768,19
19769,19
19770,19
19771,19
19772,19
19773,19
19774,19
19775,19
19776,19
19777,19
19778,19
19779,19
19780,19
19781,19
19782,19
19783,19
19784,19
19785,19
19786,19
19787,19
19788,19
19789,19
19790,19
19791,19
19794,19
19795,19
19796,19
19797,19
19798,19
19799,19
19800,19
19801,19
19802,19
19806,19
19807,19
19810,19
19811,19
19812,19
19813,19
19814,19
19815,19
19816,19
19817,19
19818,19
19819,19
19820,19
19821,19
19822,19
19823,19
19824,19
19825,19
19826,19
19827,19
19828,19
19829,19
19830,19
19831,20
19832,19
19833,20
19834,19
19835,19
19836,19
19837,19
19838,19
19839,20
19840,19
19841,20
19842,19
19843,19
19844,19
19845,19
19846,19
19847,19
19848,19
19850,19
19858,19
19859,19
19862,19
19868,20
19869,20
19870,20
19871,20
19872,20
19873,20
19874,20
19875,20
19876,20
19877,20
19878,20
19879,20
19880,20
19881,20
19882,20
19883,20
19884,20
19885,20
19886,20
19887,20
19888,20
19889,20
19890,20
19891,20
19892,20
19893,20
19896,20
19911,20
19912,20
19913,20
19914,20
19915,20
19916,20
19917,20
19918,20
19927,20
19928,20
19929,20
19931,20
19997,14
19998,14
19999,14
20000,14
20001,14
20002,14
20003,14
20004,14
20005,14
20006,16
20007,16
20008,16
20009,16
20010,16
20011,16
20012,16
20013,16
20014,16
20015,16
20016,16
20017,16
20018,16
20019,16
20020,16
20021,16
20022,16
20023,16
20024,16
20025,16
20026,16
20027,16
20028,16
20029,16
20030,16
20031,16
20032,16
20033,16
20034,16
20035,16
20036,16
20037,16
20038,16
20039,16
20040,16
20041,16
20042,16
20043,16
20044,16
20045,16
20046,16
20047,16
20048,16
20049,16
20050,16
20051,16
20052,16
20053,16
20054,16
20055,16
20056,16
20057,16
20058,16
20059,16
20060,16
20061,16
20062,16
20063,16
20064,16
20065,16
20066,16
20067,16
20068,16
20069,16
20070,16
20071,16
20072,16
20073,16
20074,16
20075,16
20076,16
20077,16
20078,16
20079,16
20080,16
20081,16
20082,16
20083,16
20084,16
20085,16
20086,16
20087,16
20088,16
20089,16
20090,16
20091,16
20092,16
20093,16
20094,16
20095,16
20096,16
20097,16
20098,17
20099,17
20100,16
20101,16
20102,16
20103,16
20104,17
20105,17
20106,17
20107,17
20108,16
20109,16
20110,16
20111,16
20112,16
20113,16
20114,16
20115,16
20116,16
20117,16
20118,16
20119,16
20120,16
20121,16
20122,16
20123,16
20124,16
20125,16
20126,16
20127,16
20128,17
20129,17
20130,17
20131,17
20132,16
20133,16
20134,16
20135,16
20136,17
20137,17
20138,17
20139,17
20140,17
20141,17
20142,17
20143,17
20144,17
20145,17
20146,17
20147,17
20148,17
20149,17
20150,17
20151,17
20152,17
20153,17
20154,17
20155,17
20156,17
20157,17
20158,17
20159,17
20160,17
20161,17
20162,17
20163,17
20164,17
20165,17
20166,17
20167,17
20168,17
20169,17
20170,17
20171,17
20172,17
20173,17
20174,17
20175,17
20176,17
20177,17
20178,17
20179,17
20180,17
20181,17
20182,17
20183,17
20184,17
20185,17
20186,17
20187,17
20188,17
20189,17
20190,17
20191,17
20192,17
20193,17
20194,17
20195,17
20196,17
20197,17
20198,17
20199,17
20200,17
20201,17
20202,17
20203,17
20204,17
20205,17
20206,17
20207,17
20208,17
20209,17
20210,17
20211,17
20212,17
20213,17
20214,17
20215,17
20216,17
20217,17
20218,17
20219,17
20220,17
20221,17
20222,17
20223,17
20224,17
20225,17
20226,17
20227,17
20228,17
20229,17
20230,17
20231,17
20232,17
20233,17
20234,17
20235,17
20236,17
20237,17
20238,17
20239,17
20240,17
20241,17
20242,17
20243,17
20244,17
20245,17
20246,17
20247,17
20248,17
20249,17
20250,17
20251,17
20252,17
20253,17
20254,17
20255,17
20256,17
20257,17
20258,17
20259,17
20260,17
20261,17
20262,17
20263,17
20264,17
20265,17
20266,17
20267,17
20268,17
20269,17
20270,17
20271,17
20272,17
20273,17
20274,17
20275,17
20276,17
20277,17
20278,17
20279,17
20280,17
20281,17
20282,17
20283,17
20284,17
20285,17
20286,17
20287,17
20288,17
20289,17
20290,17
20291,17
20292,17
20293,17
20294,17
20295,17
20296,17
20297,17
20298,17
20299,17
20300,17
20301,17
20302,17
20303,17
20304,17
20305,17
20306,17
20307,17
20308,17
20309,17
20310,17
20311,17
20312,17
20313,17
20314,17
20315,17
20316,17
20317,17
20318,17
20319,17
20320,17
20321,17
20322,17
20323,17
20324,17
20326,17
20327,17
20328,17
20329,17
20330,17
20331,18
20332,17
20333,18
20334,17
20335,17
20336,17
20337,17
20338,17
20339,18
20340,17
20341,18
20342,18
20343,18
20344,18
20345,18
20346,18
20347,18
20348,18
20349,18
20350,18
20351,18
20352,18
20354,18
20355,18
20358,17
20359,17
20360,17
20361,17
20362,17
20363,18
20364,17
20365,18
20366,17
20367,17
20370,17
20374,18
20381,18
20382,18
20383,18
20384,18
20385,18
20386,18
20387,18
20388,18
20389,18
20390,18
20397,18
20398,18
20399,18
20400,18
20401,18
20402,18
20403,18
20404,18
20418,18
20419,18
20420,18
20421,18
20422,18
20423,18
20428,18
20429,18
20432,18
20433,18
20440,18
20441,18
20442,18
20443,18
20444,18
20445,18
20446,18
20447,18
20449,18
20451,18
20452,18
20453,18
20454,18
20455,18
20456,18
20457,18
20458,18
20459,18
20460,18
20461,18
20462,18
20463,18
20464,18
20465,18
20466,18
20467,18
20468,18
20469,18
20470,18
20471,18
20489,18
20490,18
20491,18
20492,18
20493,18
20494,18
20495,18
20496,18
20497,18
20498,18
20499,18
20500,18
20501,18
20502,18
20503,18
20504,18
20505,18
20506,18
20507,18
20508,18
20509,18
20510,19
20511,18
20512,19
20513,18
20514,18
20515,18
20516,18
20517,18
20518,19
20521,18
20522,18
20525,18
20526,18
20538,19
20539,19
20540,19
20541,19
20542,19
20543,19
20544,19
20545,19
20546,19
20547,19
20550,19
20551,19
20554,19
20555,19
20556,19
20557,19
20558,19
20559,19
20560,19
20561,19
20562,19
20563,19
20566,19
20578,19
20579,19
20580,19
20581,19
20582,19
20583,19
20584,19
20585,19
20594,19
20595,19
20596,19
20598,19
20599,19
20609,19
20680,14
20681,14
20682,14
20683,14
20684,14
20685,14
20686,14
20687,14
20688,14
20689,14
20690,14
20691,14
20692,14
20693,14
20694,14
20695,14
20696,15
20697,15
20698,15
20699,15
20700,15
20701,15
20702,15
20703,15
20704,15
20705,15
20706,15
20707,15
20708,15
20709,15
20710,15
20711,15
20712,15
20713,15
20714,15
20715,15
20716,15
20717,15
20718,15
20719,15
20720,15
20721,15
20722,15
20723,15
20724,15
20725,15
20726,15
20727,15
20728,15
20729,15
20730,15
20731,15
20732,15
20733,15
20734,15
20735,15
20736,15
20737,15
20738,15
20739,15
20740,15
20741,15
20742,15
20743,15
20744,15
20745,15
20746,15
20747,15
20748,15
20749,15
20750,15
20751,15
20752,15
20753,15
20754,15
20755,15
20756,15
20757,15
20758,15
20759,15
20760,15
20761,15
20762,15
20763,15
20764,15
20765,15
20766,15
20767,15
20768,15
20769,15
20770,15
20771,15
20772,15
20773,15
20774,15
20775,15
20776,15
20777,15
20778,15
20779,15
20780,15
20781,15
20782,15
20783,15
20784,15
20785,15
20786,15
20787,15
20788,15
20789,15
20790,15
20791,15
20792,15
20793,15
20794,15
20795,15
20796,15
20797,15
20798,15
20799,15
20800,15
20801,15
20802,15
20803,15
20804,15
20805,15
20806,15
20807,15
20808,15
20809,16
20810,16
20811,15
20812,16
20813,16
20814,16
20815,16
20816,16
20817,15
20818,16
20819,15
20820,16
20821,16
20822,16
20823,16
20824,16
20825,16
20826,16
20827,16
20828,16
20829,16
20830,16
20831,16
20832,16
20833,16
20834,16
20835,16
20836,16
20837,16
20838,16
20839,16
20840,16
20841,15
20842,16
20843,15
20844,16
20845,16
20846,16
20847,16
20848,16
20849,15
20850,16
20851,15
20852,16
20853,16
20854,16
20855,16
20856,16
20857,16
20858,16
20859,16
20860,16
20861,16
20862,16
20863,16
20864,16
20865,16
20866,16
20867,16
20868,16
20869,16
20870,16
20871,16
20872,16
20873,16
20874,16
20875,16
20876,16
20877,16
20878,16
20879,16
20880,16
20881,16
20882,16
20883,16
20884,16
20885,16
20886,16
20887,16
20888,16
20889,16
20890,16
20891,16
20892,16
20893,16
20894,16
20895,16
20896,16
20897,16
20898,16
20899,16
20900,16
20901,16
20902,16
20903,16
20904,16
20905,16
20906,16
20907,16
20908,16
20909,16
20910,16
20911,16
20912,16
20913,16
20914,16
20915,16
20916,16
20917,16
20918,16
20919,16
20920,16
20921,16
20922,16
20923,16
20924,16
20925,16
20926,16
20927,16
20928,16
20929,16
20930,16
20931,16
20932,16
20933,16
20934,16
20935,16
20936,16
20937,16
20938,16
20939,16
20940,16
20941,16
20942,16
20943,16
20944,16
20945,16
20946,16
20947,16
20948,16
20949,16
20950,16
20951,16
20952,16
20953,16
20954,16
20955,16
20956,16
20957,16
20958,16
20959,16
20960,16
20961,16
20962,16
20963,16
20964,16
20965,16
20966,16
20967,16
20968,16
20969,16
20970,16
20971,16
20972,16
20973,16
20974,16
20975,16
20976,16
20977,16
20978,16
20979,16
20980,16
20981,16
20982,16
20983,16
20985,16
20986,16
20987,16
20988,16
20989,16
20990,16
20991,16
20992,16
20993,16
20994,16
20996,16
20997,16
20998,16
21001,16
21002,16
21003,16
21004,16
21005,16
21006,16
21007,16
21008,16
21009,16
21010,16
21011,16
21012,16
21013,16
21014,16
21015,16
21016,16
21017,16
21018,16
21019,16
21020,16
21021,16
21022,16
21023,16
21024,16
21025,16
21026,16
21027,16
21028,16
21029,16
21030,16
21031,16
21032,16
21033,16
21034,16
21035,16
21036,16
21037,16
21038,16
21039,16
21040,16
21041,16
21042,16
21045,16
21046,16
21049,16
21050,16
21051,16
21052,16
21053,16
21054,16
21055,16
21057,16
21058,16
21065,16
21066,16
21067,16
21068,16
21069,16
21070,16
21071,16
21072,16
21073,16
21074,16
21075,16
21076,16
21077,16
21078,16
21079,16
21080,16
21081,16
21082,16
21083,16
21084,16
21085,17
21086,17
21087,17
21088,17
21089,16
21090,16
21091,16
21092,16
21093,17
21094,17
21095,16
21096,17
21097,16
21098,16
21099,16
21100,16
21101,16
21102,16
21103,16
21104,16
21110,16
21111,16
21112,16
21113,16
21114,16
21115,17
21116,16
21117,17
21126,17
21127,17
21128,17
21129,17
21130,17
21131,17
21132,17
21133,17
21134,17
21135,17
21136,17
21137,17
21138,17
21139,17
21140,17
21141,17
21142,17
21143,17
21144,17
21145,17
21146,17
21147,17
21148,17
21149,17
21150,17
21151,17
21152,17
21153,17
21154,17
21155,17
21156,17
21157,17
21158,17
21159,17
21160,17
21161,17
21162,17
21163,17
21164,17
21165,17
21170,17
21174,17
21175,17
21176,17
21178,17
21187,17
21188,17
21189,17
21190,17
21191,17
21192,17
21193,17
21194,17
21195,17
21196,17
21198,17
21199,17
21200,17
21203,17
21204,17
21205,17
21206,17
21207,17
21208,17
21209,17
21210,17
21211,17
21212,17
21213,17
21214,17
21215,17
21216,17
21227,17
21228,17
21229,17
21231,17
21232,17
21240,17
21330,11
21331,11
21332,11
21333,11
21334,11
21335,11
21336,11
21337,11
21338,11
21339,11
21340,11
21341,11
21342,11
21343,11
21344,12
21345,11
21346,11
21347,12
21348,12
21349,12
21350,12
21351,12
21352,12
21353,12
21354,12
21355,12
21356,12
21357,12
21358,12
21359,12
21360,12
21361,12
21362,12
21363,12
21364,12
21365,12
21366,12
21367,12
21368,14
21369,14
21370,12
21371,12
21372,12
21373,12
21374,12
21375,12
21376,12
21377,12
21378,12
21379,12
21380,12
21381,12
21382,12
21383,12
21384,12
21385,12
21386,12
21387,12
21388,12
21389,12
21390,12
21391,12
21392,12
21393,12
21394,12
21395,12
21396,12
21397,12
21398,12
21399,12
21400,12
21401,12
21402,12
21403,12
21404,12
21405,12
21406,12
21407,12
21408,12
21409,12
21410,14
21411,14
21412,14
21413,14
21414,14
21415,14
21416,14
21417,14
21418,14
21419,14
21420,14
21421,14
21422,14
21423,14
21424,14
21425,14
21426,14
21427,14
21428,14
21429,14
21430,14
21431,14
21432,14
21433,14
21434,14
21435,14
21436,14
21437,13
21438,14
21439,14
21440,12
21441,14
21442,14
21443,14
21444,14
21445,14
21446,12
21447,14
21448,13
21449,13
21450,14
21451,13
21452,13
21453,13
21454,14
21455,14
21456,13
21457,13
21458,13
21459,13
21460,13
21461,13
21462,13
21463,13
21464,13
21465,13
21466,13
21467,13
21468,13
21469,13
21470,14
21471,14
21472,14
21473,14
21474,14
21475,14
21476,14
21477,14
21478,13
21479,14
21480,13
21481,13
21482,14
21483,14
21484,13
21485,14
21486,14
21487,14
21488,14
21489,14
21490,15
21491,15
21492,15
21493,15
21494,14
21495,14
21496,14
21497,14
21498,15
21499,15
21500,15
21501,15
21502,13
21503,13
21504,13
21505,13
21506,13
21507,13
21508,13
21509,13
21510,13
21511,13
21512,13
21513,13
21514,13
21515,13
21516,13
21517,13
21518,14
21519,14
21520,13
21521,14
21522,15
21523,15
21524,15
21525,15
21526,13
21527,14
21528,13
21529,13
21530,15
21531,15
21532,15
21533,15
21534,15
21535,15
21536,15
21537,15
21538,15
21539,15
21540,15
21541,15
21542,15
21543,15
21544,15
21545,15
21546,15
21547,15
21548,15
21549,15
21550,15
21551,15
21552,15
21553,15
21554,15
21555,15
21556,15
21557,15
21558,15
21559,15
21560,15
21561,15
21562,15
21563,15
21564,15
21565,15
21566,15
21567,15
21568,15
21569,15
21570,15
21571,15
21572,15
21573,15
21574,15
21575,15
21576,15
21577,15
21578,15
21579,15
21580,15
21581,15
21582,15
21583,15
21584,15
21585,15
21586,15
21587,15
21588,15
21589,15
21590,15
21591,15
21592,15
21593,15
21594,15
21595,15
21596,15
21597,15
21598,15
21599,15
21600,15
21601,15
21602,15
21603,15
21604,15
21605,15
21606,15
21607,15
21608,15
21609,15
21610,15
21611,15
21612,15
21613,15
21614,15
21615,15
21616,15
21617,15
21618,15
21619,15
21620,15
21621,15
21622,15
21623,15
21624,15
21625,15
21626,15
21627,15
21628,15
21629,15
21630,15
21631,15
21632,15
21633,15
21634,15
21635,15
21636,15
21637,15
21638,15
21639,15
21640,15
21641,15
21642,15
21643,15
21644,15
21645,15
21646,15
21647,15
21648,15
21649,15
21650,15
21651,15
21652,15
21653,15
21654,15
21655,15
21656,15
21657,15
21658,15
21659,15
21660,15
21661,15
21662,15
21663,15
21664,15
21665,15
21666,15
21667,15
21668,15
21669,15
21670,15
21671,15
21672,15
21673,15
21674,15
21675,15
21676,15
21677,15
21678,15
21679,15
21680,15
21681,15
21682,15
21683,15
21684,15
21685,15
21686,15
21687,15
21688,15
21689,15
21690,15
21691,15
21692,15
21693,15
21694,15
21695,15
21696,15
21697,15
21698,15
21699,15
21700,15
21701,15
21702,15
21703,15
21706,15
21707,15
21710,15
21711,15
21712,15
21713,15
21714,15
21715,15
21716,15
21717,15
21718,15
21719,15
21722,15
21723,15
21725,15
21726,15
21727,16
21728,15
21729,15
21730,16
21731,16
21732,16
21733,16
21734,15
21735,15
21736,15
21737,15
21738,16
21739,16
21740,16
21741,16
21742,16
21743,16
21744,16
21745,16
21746,16
21747,16
21748,16
21749,16
21750,16
21751,16
21752,16
21753,16
21754,16
21755,16
21756,16
21757,16
21758,15
21759,15
21760,15
21761,15
21762,16
21763,16
21764,16
21765,16
21766,15
21767,15
21770,16
21774,16
21775,16
21776,16
21777,16
21778,16
21779,16
21780,16
21781,16
21790,16
21791,16
21792,16
21793,16
21794,16
21795,16
21796,16
21797,16
21798,16
21799,16
21800,16
21801,16
21802,16
21803,16
21804,16
21805,16
21806,16
21807,16
21808,16
21809,16
21810,16
21811,16
21814,16
21819,16
21820,16
21821,16
21836,16
21944,9
21945,9
21946,10
21947,10
21948,10
21949,10
21950,10
21951,10
21952,10
21953,11
21954,11
21955,11
21956,11
21957,11
21958,11
21959,11
21960,11
21961,11
21962,11
21963,11
21964,11
21965,10
21966,11
21967,11
21968,11
21969,11
21970,11
21971,11
21972,11
21973,11
21974,11
21975,11
21976,11
21977,11
21978,11
21979,11
21980,11
21981,11
21982,11
21983,11
21984,11
21985,11
21986,11
21987,11
21988,11
21989,11
21990,11
21991,11
21992,11
21993,11
21994,11
21995,11
21996,11
21997,11
21998,11
21999,11
22000,11
22001,11
22002,11
22003,11
22004,11
22005,11
22006,11
22007,12
22008,11
22009,11
22010,11
22011,11
22012,11
22013,11
22014,11
22015,11
22016,11
22017,11
22018,11
22019,11
22020,11
22021,11
22022,11
22023,11
22024,11
22025,11
22026,11
22027,12
22028,12
22029,12
22030,12
22031,12
22032,11
22033,12
22034,12
22035,12
22036,12
22037,12
22038,12
22039,12
22040,11
22041,11
22042,11
22043,11
22044,11
22045,11
22046,11
22047,12
22048,11
22049,11
22050,12
22051,12
22052,12
22053,12
22054,12
22055,12
22056,11
22057,12
22058,12
22059,12
22060,12
22061,12
22062,12
22063,12
22064,12
22065,12
22066,12
22067,12
22068,12
22069,12
22070,12
22071,12
22072,12
22073,12
22074,12
22075,12
22076,12
22077,12
22078,12
22079,12
22080,12
22081,12
22082,12
22083,12
22084,12
22085,12
22086,12
22087,12
22088,12
22089,12
22090,13
22091,13
22092,13
22093,13
22094,13
22095,13
22096,13
22097,13
22098,13
22099,13
22100,13
22101,13
22102,13
22103,13
22104,12
22105,12
22106,12
22107,12
22108,12
22109,12
22110,12
22111,12
22112,12
22113,12
22114,13
22115,13
22116,12
22117,12
22118,13
22119,13
22120,12
22121,12
22122,12
22123,12
22124,12
22125,12
22126,12
22127,12
22128,12
22129,12
22130,13
22131,13
22132,12
22133,13
22134,13
22135,13
22136,13
22137,13
22138,13
22139,13
22140,13
22141,13
22142,13
22143,13
22144,13
22145,13
22146,13
22147,13
22148,13
22149,13
22150,13
22151,13
22152,13
22153,13
22154,13
22155,13
22156,13
22157,13
22158,13
22159,13
22160,13
22161,13
22162,13
22163,13
22164,13
22165,13
22166,13
22167,13
22168,12
22169,12
22170,13
22171,13
22172,12
22173,12
22174,13
22175,13
22176,13
22177,13
22178,13
22179,13
22180,13
22181,13
22182,13
22183,13
22184,13
22185,12
22186,13
22187,13
22188,12
22189,13
22190,13
22191,13
22192,13
22193,13
22194,13
22195,13
22196,13
22197,13
22198,13
22199,13
22200,13
22201,13
22202,13
22203,13
22204,13
22205,13
22206,13
22207,13
22208,13
22209,13
22210,13
22211,13
22212,13
22213,13
22214,13
22215,13
22216,13
22217,13
22218,13
22219,13
22220,13
22221,13
22222,13
22223,13
22224,13
22225,13
22228,13
22229,13
22232,13
22233,13
22234,13
22235,13
22236,13
22237,13
22238,13
22239,13
22240,13
22241,13
22242,13
22243,13
22244,13
22245,13
22246,13
22247,13
22248,13
22249,13
22250,13
22251,13
22252,13
22253,13
22254,13
22255,13
22256,13
22257,13
22258,13
22259,13
22260,13
22261,13
22262,13
22263,13
22264,13
22265,13
22266,13
22267,13
22268,13
22269,13
22270,13
22271,13
22272,13
22273,13
22276,13
22277,13
22280,13
22281,13
22282,13
22283,13
22284,13
22285,13
22286,13
22287,13
22288,13
22289,13
22292,13
22293,13
22296,13
22297,13
22298,13
22299,13
22300,13
22301,13
22302,13
22304,13
22305,13
22306,13
22307,13
22312,13
22316,15
22317,15
22322,13
22323,13
22324,13
22333,15
22334,15
22337,15
22338,15
22348,15
22355,15
22356,15
22359,15
22360,15
22365,15
22366,15
22464,9
22465,9
22466,9
22467,9
22468,9
22469,9
22470,9
22471,9
22472,9
22473,9
22474,9
22475,9
22476,9
22477,9
22478,9
22479,9
22480,9
22481,9
22482,9
22483,9
22484,9
22485,9
22486,9
22487,9
22488,9
22489,9
22490,9
22491,9
22492,9
22493,9
22494,9
22495,9
22496,9
22497,9
22498,9
22499,9
22500,9
22501,9
22502,9
22503,9
22504,9
22505,9
22506,9
22507,9
22508,9
22509,9
22510,9
22511,9
22512,9
22513,10
22514,9
22515,9
22516,9
22517,9
22518,9
22519,10
22520,10
22521,10
22522,10
22523,10
22524,10
22525,10
22526,10
22527,10
22528,10
22529,10
22530,10
22531,10
22532,10
22533,10
22534,10
22535,10
22536,10
22537,10
22538,9
22539,10
22540,9
22541,10
22542,10
22543,10
22544,10
22545,10
22546,10
22547,10
22548,10
22549,10
22550,10
22551,10
22552,10
22553,10
22554,10
22555,10
22556,10
22557,10
22558,10
22559,10
22560,10
22561,10
22562,10
22563,10
22564,10
22565,10
22566,10
22567,10
22568,10
22569,10
22570,10
22571,11
22572,10
22573,11
22574,11
22575,11
22576,11
22577,11
22578,10
22579,11
22580,10
22581,11
22582,11
22583,11
22584,11
22585,11
22586,11
22587,11
22588,11
22589,11
22590,11
22591,11
22592,11
22593,11
22594,11
22595,11
22596,11
22597,11
22598,11
22599,11
22600,11
22601,11
22602,10
22603,11
22604,10
22605,11
22606,11
22607,11
22608,11
22609,11
22610,10
22611,10
22612,10
22613,10
22614,11
22615,11
22616,10
22617,11
22618,11
22619,11
22620,11
22621,11
22622,11
22623,11
22624,11
22625,11
22626,11
22627,11
22628,11
22629,11
22630,11
22631,11
22632,11
22633,11
22634,11
22635,11
22636,11
22637,11
22638,11
22639,11
22640,11
22641,11
22642,11
22643,11
22644,11
22645,11
22646,11
22647,11
22648,11
22649,11
22650,12
22651,12
22652,11
22653,12
22654,12
22655,12
22656,12
22657,12
22658,11
22659,12
22660,11
22661,12
22662,12
22663,12
22664,12
22665,12
22666,11
22667,11
22668,11
22669,11
22670,11
22671,11
22672,11
22673,11
22674,11
22675,11
22676,11
22677,11
22678,11
22679,11
22680,11
22681,11
22682,11
22683,11
22684,11
22685,11
22686,12
22687,12
22688,12
22689,12
22690,11
22691,11
22692,11
22693,11
22694,12
22695,12
22696,11
22698,12
22699,12
22700,12
22701,12
22702,12
22703,12
22704,12
22705,12
22706,12
22707,12
22708,12
22709,12
22710,12
22711,12
22712,12
22713,12
22714,13
22715,13
22716,13
22717,13
22718,13
22719,13
22720,13
22721,13
22722,13
22723,13
22724,13
22725,13
22726,13
22727,13
22728,13
22730,12
22731,12
22732,12
22733,12
22738,12
22747,13
22748,13
22749,13
22750,13
22751,13
22752,13
22753,13
22754,13
22755,13
22760,13
22761,13
22762,13
22763,13
22764,13
22765,13
22766,13
22767,13
22784,13
22785,13
22786,13
22788,13
22882,9
22883,9
22884,9
22885,9
22886,9
22887,9
22888,9
22889,9
22890,9
22891,9
22892,9
22893,9
22894,9
22895,9
22896,9
22897,9
22898,9
22899,9
22900,9
22901,9
22902,10
22903,10
22904,9
22905,9
22906,9
22907,10
22908,10
22909,10
22910,10
22911,10
22912,9
22913,9
22914,9
22915,9
22916,9
22917,9
22918,9
22919,9
22920,9
22921,9
22922,9
22923,9
22924,9
22925,9
22926,9
22927,9
22928,9
22929,10
22930,9
22931,10
22932,10
22936,10
22941,9
22942,9
22943,10
22944,9
22945,9
22946,9
22947,9
22948,9
22949,10
22950,10
22951,10
22957,9
22958,9
22959,9
22960,9
22961,9
22962,9
22963,9
22964,10
22965,10
22966,10
22968,10
22969,10
22970,10
22971,10
22972,10
22984,10
22985,10
22986,10
22987,10
22988,10
22989,10
22990,10
22991,10
22992,10
22997,10
22998,10
23001,10
23002,10
23003,10
23004,10
23007,10
23018,10
23019,10
23020,10
23021,10
23022,10
23023,11
23024,10
23025,11
23026,10
23027,10
23030,10
23031,10
23033,10
23034,11
23035,11
23036,11
23037,11
23038,11
23039,11
23040,11
23041,11
23042,11
23043,11
23044,11
23045,11
23046,11
23058,11
23059,11
23062,11
23063,11
23068,11
23069,11
23159,8
23160,8
23161,8
23162,8
23163,8
23164,8
23165,8
23166,8
23167,8
23168,8
23169,9
23170,9
23171,8
23172,8
23173,8
23174,8
23175,8
23176,8
23177,8
23178,8
23179,8
23180,8
23181,8
23182,8
23183,8
23184,9
23185,8
23186,8
23187,9
23188,9
23189,9
23190,9
23191,8
23192,8
23193,8
23194,8
23195,9
23196,9
23197,9
23198,9
23199,9
23200,9
23201,9
23202,9
23203,9
23204,9
23205,9
23206,9
23207,9
23208,9
23209,9
23210,9
23211,9
23212,9
23213,9
23214,9
23215,9
23216,9
23217,9
23218,9
23219,9
23220,9
23221,9
23222,9
23223,9
23224,9
23225,9
23227,9
23228,9
23229,9
23230,9
23231,9
23232,9
23233,9
23234,9
23235,9
23236,9
23237,9
23239,9
23243,9
23244,9
23253,9
23254,9
23255,9
23257,9
23358,8
23359,8
23360,8
23361,8
23362,8
23363,8
23364,8
23365,8
23366,8
23367,8
23368,8
23369,8
23370,8
23371,8
23372,8
23373,8
23374,8
23375,8
23376,8
23377,8
23378,8
23379,8
23380,8
23381,8
23382,8
23383,8
23384,8
23385,8
23386,8
23387,8
23388,8
23389,8
23390,8
23391,8
23392,8
23393,8
23394,8
23396,8
23397,8
23398,8
23399,8
23400,8
23401,8
23402,8
23403,8
23404,8
23405,8
23406,8
23407,8
23408,8
23409,8
23410,8
23411,8
23412,8
23413,8
23414,8
23415,8
23416,8
23417,8
23418,8
23419,8
23420,8
23421,8
23422,8
23423,8
23424,8
23425,8
23426,8
23427,8
23428,8
23429,8
23430,8
23431,8
23440,8
23441,8
23442,8
23443,8
23444,8
23445,8
23446,8
23447,8
23450,8
23451,8
23452,8
23453,8
23454,8
23455,8
23456,8
23457,8
23458,8
23459,8
23460,8
23461,8
23462,8
23463,8
23464,8
23465,8
23466,8
23467,8
23468,8
23469,8
23470,8
23471,8
23472,8
23473,8
23474,8
23475,8
23476,8
23477,8
23478,8
23479,8
23482,8
23483,8
23484,8
23485,8
23486,8
23487,8
23488,8
23489,8
23498,8
23505,8
23506,8
23507,8
23508,8
23509,8
23510,8
23512,8
23513,8
23518,8
23519,8
23520,8
23522,9
23621,7
23622,7
23623,7
23624,7
23625,7
23626,7
23627,7
23628,7
23629,7
23630,7
23631,7
23632,7
23633,7
23634,7
23635,7
23636,7
23637,7
23638,7
23639,7
23640,7
23641,8
23642,8
23643,8
23644,8
23645,8
23646,8
23647,8
23648,8
23649,8
23650,7
23651,8
23652,8
23653,8
23654,8
23655,8
23656,7
23657,7
23658,7
23659,7
23660,7
23661,7
23662,7
23663,7
23664,7
23665,7
23666,7
23667,7
23668,7
23669,7
23670,7
23672,7
23673,8
23674,7
23675,8
23676,8
23677,8
23680,7
23685,8
23686,8
23687,8
23688,8
23689,8
23690,8
23691,8
23692,8
23693,8
23694,8
23695,8
23697,8
23701,8
23702,8
23813,7
23814,7
23815,7
23816,7
23817,7
23818,7
23819,7
23820,7
23821,7
23822,7
23823,7
23824,7
23825,7
23826,7
23827,7
23828,7
23829,7
23830,7
23831,7
23832,7
23833,7
23834,7
23835,7
23836,7
23837,7
23838,7
23839,7
23840,7
23841,7
23842,7
23843,7
23844,7
23845,7
23846,7
23847,7
23848,7
23849,7
23850,7
23851,7
23852,7
23853,7
23857,7
23858,7
23859,7
23860,7
23861,7
23862,7
23863,7
23864,7
23865,7
23866,7
23867,7
23868,7
23869,7
23873,7
23880,7
23881,7
23882,7
23985,7
23986,7
23987,7
23988,7
23989,7
23990,7
23991,7
23992,7
23993,7
23994,7
23995,7
23996,7
23997,7
23998,7
23999,7
24000,7
24001,7
24002,7
24003,7
24004,7
24005,7
24006,7
24007,7
24008,7
24009,7
24010,7
24011,7
24012,7
24013,7
24014,7
24015,7
24016,7
24017,7
24018,7
24019,7
24020,7
24021,7
24022,7
24023,7
24024,7
24025,7
24026,7
24027,7
24028,7
24029,7
24030,7
24031,7
24032,7
24033,7
24034,7
24035,7
24036,7
24037,7
24038,7
24039,7
24045,7
24046,7
24047,7
24048,7
24049,7
24050,7
24051,7
24053,7
24054,7
24068,7
24162,7
24163,7
24164,7
24165,7
24166,7
24167,7
24168,7
24169,7
24170,7
24171,7
24172,7
24173,7
24174,7
24175,7
24176,7
24177,7
24178,7
24179,7
24180,7
24181,7
24182,7
24183,7
24184,7
24185,7
24186,7
24187,7
24188,7
24189,7
24190,7
24191,7
24192,7
24193,7
24194,7
24195,7
24196,7
24197,7
24198,7
24199,7
24200,7
24201,7
24202,7
24203,7
24204,7
24205,7
24206,7
24208,7
24212,7
24213,7
24214,7
24215,7
24216,7
24217,7
24218,7
24219,7
24220,7
24221,7
24222,7
24223,7
24224,7
24225,7
24226,7
24228,7
24229,7
24230,7
24231,7
24232,7
24241,7
24242,7
24344,6
24345,6
24346,6
24347,6
24348,6
24349,6
24350,6
24351,6
24352,6
24353,6
24354,7
24355,6
24356,6
24357,6
24358,6
24359,6
24360,6
24361,6
24362,7
24363,7
24364,7
24365,7
24366,7
24367,7
24368,7
24369,7
24370,7
24371,7
24372,7
24373,7
24374,7
24375,7
24376,7
24377,7
24378,6
24379,6
24380,6
24381,6
24382,6
24383,6
24384,6
24385,6
24386,6
24387,6
24388,6
24389,6
24390,6
24391,6
24392,6
24394,6
24395,7
24396,6
24397,7
24398,7
24407,7
24408,7
24409,7
24410,7
24411,7
24412,7
24413,7
24415,7
24519,6
24520,6
24523,6
24524,6
24525,6
24526,6
24527,6
24528,6
24529,6
24530,6
24531,6
24532,6
24533,6
24534,6
24535,6
24536,6
24537,6
24538,6
24539,6
24540,6
24541,6
24542,6
24543,6
24544,6
24545,6
24546,6
24548,6
24549,6
24550,6
24551,6
24552,6
24553,6
24554,6
24555,6
24556,6
24557,6
24558,6
24559,6
24560,6
24561,6
24562,6
24564,6
24565,6
24566,6
24577,6
24578,6
24579,6
24690,6
24691,6
24791,6
24792,3
24880,4
24881,3
24968,5
24969,4
25057,5
25058,2
25146,4
25147,2
25235,5
