mfgw,mk_rest_l1,mk_rest_l2,mr_rest,mr_upland
0.6583804996926811,0.7938151215811218,0.444432200551552,0.6604712518606659,0.5520975776212744
0.40446901399459934,0.7938151215811218,0.444432200551552,0.6604712518606659,0.5520975776212744
0.6583804996926811,0.2605322180485949,0.444432200551552,0.6604712518606659,0.5520975776212744
0.6583804996926811,0.7938151215811218,0.3900851218960267,0.6604712518606659,0.5520975776212744
0.6583804996926811,0.7938151215811218,0.444432200551552,0.6184442188311945,0.5520975776212744
0.6583804996926811,0.7938151215811218,0.444432200551552,0.6604712518606659,0.3672990501092691
0.40446901399459934,0.2605322180485949,0.3900851218960267,0.6184442188311945,0.3672990501092691
0.28826208430432926,0.23525552895222124,0.5857188581552506,0.20230987773490697,0.9778415664510123
0.8285363080002798,0.23525552895222124,0.5857188581552506,0.20230987773490697,0.9778415664510123
0.28826208430432926,1.1391228047447262,0.5857188581552506,0.20230987773490697,0.9778415664510123
0.28826208430432926,0.23525552895222124,0.9725405211203938,0.20230987773490697,0.9778415664510123
0.28826208430432926,0.23525552895222124,0.5857188581552506,0.32738532068118925,0.9778415664510123
0.28826208430432926,0.23525552895222124,0.5857188581552506,0.20230987773490697,0.7967221767792444
0.8285363080002798,1.1391228047447262,0.9725405211203938,0.32738532068118925,0.7967221767792444
0.37575448879380685,1.219846686314912,0.22813731401099901,1.2585053616816448,1.2469347916501374
1.0427701243263834,1.219846686314912,0.22813731401099901,1.2585053616816448,1.2469347916501374
0.37575448879380685,0.20813955215397195,0.22813731401099901,1.2585053616816448,1.2469347916501374
0.37575448879380685,1.219846686314912,1.4820316068356163,1.2585053616816448,1.2469347916501374
0.37575448879380685,1.219846686314912,0.22813731401099901,0.5509750320655521,1.2469347916501374
0.37575448879380685,1.219846686314912,0.22813731401099901,1.2585053616816448,1.5311837949040428
1.0427701243263834,0.20813955215397195,1.4820316068356163,0.5509750320655521,1.5311837949040428
1.640002703780788,0.17066328040570203,1.1142314684438062,0.4411166615368783,0.2534039641471764
0.2125268352169948,0.17066328040570203,1.1142314684438062,0.4411166615368783,0.2534039641471764
1.640002703780788,0.997890417772918,1.1142314684438062,0.4411166615368783,0.2534039641471764
1.640002703780788,0.17066328040570203,0.1329318949141089,0.4411166615368783,0.2534039641471764
1.640002703780788,0.17066328040570203,1.1142314684438062,1.161812782072319,0.2534039641471764
1.640002703780788,0.17066328040570203,1.1142314684438062,0.4411166615368783,0.21980243421567466
0.2125268352169948,0.997890417772918,0.1329318949141089,1.161812782072319,0.21980243421567466
1.1620730189934954,1.951238663035339,0.8435765818489147,0.5844879441941101,0.29478390644167246
0.3540943860756813,1.951238663035339,0.8435765818489147,0.5844879441941101,0.29478390644167246
1.1620730189934954,0.11664271260349994,0.8435765818489147,0.5844879441941101,0.29478390644167246
1.1620730189934954,1.951238663035339,1.800776523127836,0.5844879441941101,0.29478390644167246
1.1620730189934954,1.951238663035339,0.8435765818489147,0.4366293086473529,0.29478390644167246
1.1620730189934954,1.951238663035339,0.8435765818489147,0.5844879441941101,0.6225051273883905
0.3540943860756813,0.11664271260349994,1.800776523127836,0.4366293086473529,0.6225051273883905
0.4720123449038494,0.15590182559978355,0.30133245546102777,1.6601792861747307,1.4106968321872688
0.542020369929332,0.15590182559978355,0.30133245546102777,1.6601792861747307,1.4106968321872688
0.4720123449038494,0.5590200305381363,0.30133245546102777,1.6601792861747307,1.4106968321872688
0.4720123449038494,0.15590182559978355,0.22476968043149717,1.6601792861747307,1.4106968321872688
0.4720123449038494,0.15590182559978355,0.30133245546102777,1.3689708650404424,1.4106968321872688
0.4720123449038494,0.15590182559978355,0.30133245546102777,1.6601792861747307,0.47009003824481266
0.542020369929332,0.5590200305381363,0.22476968043149717,1.3689708650404424,0.47009003824481266
0.20169538885445146,0.601578124504484,1.6433924912884672,0.26673747704238576,0.6782056082429232
1.5868265424870873,0.601578124504484,1.6433924912884672,0.26673747704238576,0.6782056082429232
0.20169538885445146,0.4596371597177755,1.6433924912884672,0.26673747704238576,0.6782056082429232
0.20169538885445146,0.601578124504484,0.3119499349812404,0.26673747704238576,0.6782056082429232
0.20169538885445146,0.601578124504484,1.6433924912884672,0.901072975903252,0.6782056082429232
0.20169538885445146,0.601578124504484,1.6433924912884672,0.26673747704238576,0.3013090849033523
1.5868265424870873,0.4596371597177755,0.3119499349812404,0.901072975903252,0.3013090849033523
0.8217223134938038,0.4539791900820744,0.1583989936419881,0.8746676119932757,0.34920625831254715
0.2438590429449993,0.4539791900820744,0.1583989936419881,0.8746676119932757,0.34920625831254715
0.8217223134938038,2.008931569274836,0.1583989936419881,0.8746676119932757,0.34920625831254715
0.8217223134938038,0.4539791900820744,0.558699340630293,0.8746676119932757,0.34920625831254715
0.8217223134938038,0.4539791900820744,0.1583989936419881,0.24063702926595015,0.34920625831254715
0.8217223134938038,0.4539791900820744,0.1583989936419881,0.8746676119932757,1.1169739515118684
0.2438590429449993,2.008931569274836,0.558699340630293,0.24063702926595015,1.1169739515118684
0.7176292812257034,1.321298993634118,2.005555156431129,1.4108705382665554,0.8584991650041931
0.17406239939810741,1.321298993634118,2.005555156431129,1.4108705382665554,0.8584991650041931
0.7176292812257034,0.14648864379340187,2.005555156431129,1.4108705382665554,0.8584991650041931
0.7176292812257034,1.321298993634118,1.9267630126911406,1.4108705382665554,0.8584991650041931
0.7176292812257034,1.321298993634118,2.005555156431129,0.3726616277455211,0.8584991650041931
0.7176292812257034,1.321298993634118,2.005555156431129,1.4108705382665554,0.2614687627842859
0.17406239939810741,0.14648864379340187,1.9267630126911406,0.3726616277455211,0.2614687627842859
0.17593374426851333,0.2229277351539045,0.1328203334862982,0.4966306236932068,0.4844599667598468
1.1223203630023022,0.2229277351539045,0.1328203334862982,0.4966306236932068,0.4844599667598468
0.17593374426851333,0.6709382267257731,0.1328203334862982,0.4966306236932068,0.4844599667598468
0.17593374426851333,0.2229277351539045,0.16538758181561322,0.4966306236932068,0.4844599667598468
0.17593374426851333,0.2229277351539045,0.1328203334862982,1.6021461711314275,0.4844599667598468
0.17593374426851333,0.2229277351539045,0.1328203334862982,0.4966306236932068,1.693288828699903
1.1223203630023022,0.6709382267257731,0.16538758181561322,1.6021461711314275,1.693288828699903
0.3971816364155843,0.9473551396101582,1.0052978006514146,1.0292748557033347,0.21940095021736292
0.794429100058668,0.9473551396101582,1.0052978006514146,1.0292748557033347,0.21940095021736292
0.3971816364155843,0.388344393895613,1.0052978006514146,1.0292748557033347,0.21940095021736292
0.3971816364155843,0.9473551396101582,0.25204210398331267,1.0292748557033347,0.21940095021736292
0.3971816364155843,0.9473551396101582,1.0052978006514146,1.0135011907670277,0.21940095021736292
0.3971816364155843,0.9473551396101582,1.0052978006514146,1.0292748557033347,0.9439772121828813
0.794429100058668,0.388344393895613,0.25204210398331267,1.0135011907670277,0.9439772121828813
0.9790190070170506,0.3385591333754731,0.24709857039294522,0.313919558156882,1.0790268032986785
0.5142475172185305,0.3385591333754731,0.24709857039294522,0.313919558156882,1.0790268032986785
0.9790190070170506,1.6173387466990383,0.24709857039294522,0.313919558156882,1.0790268032986785
0.9790190070170506,0.3385591333754731,0.6565048047772175,0.313919558156882,1.0790268032986785
0.9790190070170506,0.3385591333754731,0.24709857039294522,0.2141604632353104,1.0790268032986785
0.9790190070170506,0.3385591333754731,0.24709857039294522,0.313919558156882,0.4080546435581197
0.5142475172185305,1.6173387466990383,0.6565048047772175,0.2141604632353104,0.4080546435581197
1.405127770989366,0.5955512817131572,0.1869574410417875,0.23819190404693827,1.6065805130760382
0.26972708742993734,0.5955512817131572,0.1869574410417875,0.23819190404693827,1.6065805130760382
1.405127770989366,0.32385803129430446,0.1869574410417875,0.23819190404693827,1.6065805130760382
1.405127770989366,0.5955512817131572,0.445118806737727,0.23819190404693827,1.6065805130760382
1.405127770989366,0.5955512817131572,0.1869574410417875,0.6999201986061319,1.6065805130760382
1.405127770989366,0.5955512817131572,0.1869574410417875,0.23819190404693827,1.3401637910639754
0.26972708742993734,0.32385803129430446,0.445118806737727,0.6999201986061319,1.3401637910639754
0.3222821780430923,0.3727021551899687,1.3286895778076029,0.7777399767619215,0.3358993651978785
1.3117017389290586,0.3727021551899687,1.3286895778076029,0.7777399767619215,0.3358993651978785
0.3222821780430923,1.349264700656145,1.3286895778076029,0.7777399767619215,0.3358993651978785
0.3222821780430923,0.3727021551899687,0.7631824788972971,0.7777399767619215,0.3358993651978785
0.3222821780430923,0.3727021551899687,1.3286895778076029,0.2895703968911715,0.3358993651978785
0.3222821780430923,0.3727021551899687,1.3286895778076029,0.7777399767619215,0.33036073602536753
1.3117017389290586,1.349264700656145,0.7631824788972971,0.2895703968911715,0.33036073602536753
0.25630216228563524,1.7546065415348726,0.37297098118429034,0.3746602746392066,0.4032778651691969
0.6827915503799832,1.7546065415348726,0.37297098118429034,0.3746602746392066,0.4032778651691969
0.25630216228563524,0.17354239112967307,0.37297098118429034,0.3746602746392066,0.4032778651691969
0.25630216228563524,1.7546065415348726,1.0589534721457168,0.3746602746392066,0.4032778651691969
0.25630216228563524,1.7546065415348726,0.37297098118429034,0.47342412147021246,0.4032778651691969
0.25630216228563524,1.7546065415348726,0.37297098118429034,0.3746602746392066,0.5522149416666163
0.6827915503799832,0.17354239112967307,1.0589534721457168,0.47342412147021246,0.5522149416666163
0.5847642851689376,0.11624982650827824,0.7142087091998406,1.0688010657843223,0.7836336433005182
0.33037347827338276,0.11624982650827824,0.7142087091998406,1.0688010657843223,0.7836336433005182
0.5847642851689376,0.7951394694452547,0.7142087091998406,1.0688010657843223,0.7836336433005182
0.5847642851689376,0.11624982650827824,0.13814417402959334,1.0688010657843223,0.7836336433005182
0.5847642851689376,0.11624982650827824,0.7142087091998406,1.3506077499733375,0.7836336433005182
0.5847642851689376,0.11624982650827824,0.7142087091998406,1.0688010657843223,0.6975397337831739
0.33037347827338276,0.7951394694452547,0.13814417402959334,1.3506077499733375,0.6975397337831739
0.5574744118846325,1.5678813680068138,0.1209351616044836,0.29690340218132955,0.23220588234658054
1.3807469907383565,1.5678813680068138,0.1209351616044836,0.29690340218132955,0.23220588234658054
0.5574744118846325,1.2281436015662228,0.1209351616044836,0.29690340218132955,0.23220588234658054
0.5574744118846325,1.5678813680068138,1.1807186390229996,0.29690340218132955,0.23220588234658054
0.5574744118846325,1.5678813680068138,0.1209351616044836,1.71794050705186,0.23220588234658054
0.5574744118846325,1.5678813680068138,0.1209351616044836,0.29690340218132955,0.5103732359127677
1.3807469907383565,1.2281436015662228,1.1807186390229996,1.71794050705186,0.5103732359127677
0.22712155615149782,0.12510787615819957,2.203459192894625,0.8202629572249356,1.3653668086983375
0.28536260086977044,0.12510787615819957,2.203459192894625,0.8202629572249356,1.3653668086983375
0.22712155615149782,0.24449563380096387,2.203459192894625,0.8202629572249356,1.3653668086983375
0.22712155615149782,0.12510787615819957,0.15378768459046174,0.8202629572249356,1.3653668086983375
0.22712155615149782,0.12510787615819957,2.203459192894625,0.3478576882640751,1.3653668086983375
0.22712155615149782,0.12510787615819957,2.203459192894625,0.8202629572249356,0.6593686337775778
0.28536260086977044,0.24449563380096387,0.15378768459046174,0.3478576882640751,0.6593686337775778
0.3096750771462052,0.5363488806732895,0.2710105845590262,0.5387811437331743,0.9221146079170744
0.30276186001898076,0.5363488806732895,0.2710105845590262,0.5387811437331743,0.9221146079170744
0.3096750771462052,0.8728097798860825,0.2710105845590262,0.5387811437331743,0.9221146079170744
0.3096750771462052,0.5363488806732895,0.4955744386123087,0.5387811437331743,0.9221146079170744
0.3096750771462052,0.5363488806732895,0.2710105845590262,0.2275314009161992,0.9221146079170744
0.3096750771462052,0.5363488806732895,0.2710105845590262,0.5387811437331743,1.1019433890371566
0.30276186001898076,0.8728097798860825,0.4955744386123087,0.2275314009161992,1.1019433890371566
1.2578353466152026,0.4052851065988456,0.9162616350094854,1.695984785791736,0.58333990022078
0.6225735219820385,0.4052851065988456,0.9162616350094854,1.695984785791736,0.58333990022078
1.2578353466152026,0.22976033917624789,0.9162616350094854,1.695984785791736,0.58333990022078
1.2578353466152026,0.4052851065988456,0.8508515753208177,1.695984785791736,0.58333990022078
1.2578353466152026,0.4052851065988456,0.9162616350094854,0.9530798831211145,0.58333990022078
1.2578353466152026,0.4052851065988456,0.9162616350094854,1.695984785791736,0.26558964881352576
0.6225735219820385,0.22976033917624789,0.8508515753208177,0.9530798831211145,0.26558964881352576
1.0200223285083079,1.0368390905411362,1.465853696236055,1.2967296083993614,0.3777796080335158
1.1870491317489287,1.0368390905411362,1.465853696236055,1.2967296083993614,0.3777796080335158
1.0200223285083079,0.5066046256931942,1.465853696236055,1.2967296083993614,0.3777796080335158
1.0200223285083079,1.0368390905411362,0.2724187377265606,1.2967296083993614,0.3777796080335158
1.0200223285083079,1.0368390905411362,1.465853696236055,0.27212471629943813,0.3777796080335158
1.0200223285083079,1.0368390905411362,1.465853696236055,1.2967296083993614,0.9038893989530558
1.1870491317489287,0.5066046256931942,0.2724187377265606,0.27212471629943813,0.9038893989530558
0.445190397897866,0.3067634836150866,0.1694012467947686,0.41012657920323015,0.6246361752160651
0.18337985220822778,0.3067634836150866,0.1694012467947686,0.41012657920323015,0.6246361752160651
0.445190397897866,0.13331102715746376,0.1694012467947686,0.41012657920323015,0.6246361752160651
0.445190397897866,0.3067634836150866,0.7105655979515846,0.41012657920323015,0.6246361752160651
0.445190397897866,0.3067634836150866,0.1694012467947686,0.7439183937651759,0.6246361752160651
0.445190397897866,0.3067634836150866,0.1694012467947686,0.41012657920323015,0.37230282583687885
0.18337985220822778,0.13331102715746376,0.7105655979515846,0.7439183937651759,0.37230282583687885
0.18516958482665297,1.4315690274519959,0.6541003633778771,0.6247288995096061,1.4829742771253562
0.4690243082411845,1.4315690274519959,0.6541003633778771,0.6247288995096061,1.4829742771253562
0.18516958482665297,2.1415134363674406,0.6541003633778771,0.6247288995096061,1.4829742771253562
0.18516958482665297,1.4315690274519959,2.085588447072598,0.6247288995096061,1.4829742771253562
0.18516958482665297,1.4315690274519959,0.6541003633778771,1.2602057019336155,1.4829742771253562
0.18516958482665297,1.4315690274519959,0.6541003633778771,0.6247288995096061,0.2075104113902715
0.4690243082411845,2.1415134363674406,2.085588447072598,1.2602057019336155,0.2075104113902715
0.8107418384468705,0.20062049834887374,0.4073937613077559,0.2271305846322218,0.28136446945650173
0.7274170754720829,0.20062049834887374,0.4073937613077559,0.2271305846322218,0.28136446945650173
0.8107418384468705,0.426170716936659,0.4073937613077559,0.2271305846322218,0.28136446945650173
0.8107418384468705,0.20062049834887374,0.17874445531776653,0.2271305846322218,0.28136446945650173
0.8107418384468705,0.20062049834887374,0.4073937613077559,0.5079811271303112,0.28136446945650173
0.8107418384468705,0.20062049834887374,0.4073937613077559,0.2271305846322218,1.410352935885956
0.7274170754720829,0.426170716936659,0.17874445531776653,0.5079811271303112,1.410352935885956
0.9107493412136776,0.6710093425981362,0.535787157971537,0.366764408272522,1.1778470763538968
0.5941180872278752,0.6710093425981362,0.535787157971537,0.366764408272522,1.1778470763538968
0.9107493412136776,0.6142855043487838,0.535787157971537,0.366764408272522,1.1778470763538968
0.9107493412136776,0.6710093425981362,0.28808752486641775,0.366764408272522,1.1778470763538968
0.9107493412136776,0.6710093425981362,0.535787157971537,0.3060948077568565,1.1778470763538968
0.9107493412136776,0.6710093425981362,0.535787157971537,0.366764408272522,0.31466699459527714
0.5941180872278752,0.6142855043487838,0.28808752486641775,0.3060948077568565,0.31466699459527714
0.20779339656186258,0.4204493367798885,0.4856723395915826,1.1594273746787997,0.20042384700875393
0.38660136081210333,0.4204493367798885,0.4856723395915826,1.1594273746787997,0.20042384700875393
0.20779339656186258,0.15448135273490468,0.4856723395915826,1.1594273746787997,0.20042384700875393
0.20779339656186258,0.4204493367798885,0.5167563955912478,1.1594273746787997,0.20042384700875393
0.20779339656186258,0.4204493367798885,0.4856723395915826,0.6621033912036466,0.20042384700875393
0.20779339656186258,0.4204493367798885,0.4856723395915826,1.1594273746787997,1.2241742063795567
0.38660136081210333,0.15448135273490468,0.5167563955912478,0.6621033912036466,1.2241742063795567
0.5178935582706226,2.1484675670132924,1.2304933328539511,0.2539975761992379,0.513599989665222
0.23062516761293372,2.1484675670132924,1.2304933328539511,0.2539975761992379,0.513599989665222
0.5178935582706226,1.830642718057113,1.2304933328539511,0.2539975761992379,0.513599989665222
0.5178935582706226,2.1484675670132924,1.6654572073414131,0.2539975761992379,0.513599989665222
0.5178935582706226,2.1484675670132924,1.2304933328539511,1.0756398397673788,0.513599989665222
0.5178935582706226,2.1484675670132924,1.2304933328539511,0.2539975761992379,0.7843865934086235
0.23062516761293372,1.830642718057113,1.6654572073414131,1.0756398397673788,0.7843865934086235
1.1878417421280376,0.14216706805831178,0.20665744634971117,0.6986998618167956,0.8123020599575715
1.5066421710024887,0.14216706805831178,0.20665744634971117,0.6986998618167956,0.8123020599575715
1.1878417421280376,0.3471365852476475,0.20665744634971117,0.6986998618167956,0.8123020599575715
1.1878417421280376,0.14216706805831178,0.20759241412184298,0.6986998618167956,0.8123020599575715
1.1878417421280376,0.14216706805831178,0.20665744634971117,0.5945373662640083,0.8123020599575715
1.1878417421280376,0.14216706805831178,0.20665744634971117,0.6986998618167956,0.5644248856104873
1.5066421710024887,0.3471365852476475,0.20759241412184298,0.5945373662640083,0.5644248856104873
1.4896793814961526,1.117426799806152,0.3308252717038323,0.916769116160233,0.7241692815368191
0.9043472909899535,1.117426799806152,0.3308252717038323,0.916769116160233,0.7241692815368191
1.4896793814961526,1.5088950260739118,0.3308252717038323,0.916769116160233,0.7241692815368191
1.4896793814961526,1.117426799806152,1.3316176089616754,0.916769116160233,0.7241692815368191
1.4896793814961526,1.117426799806152,0.3308252717038323,1.4762170933400058,0.7241692815368191
1.4896793814961526,1.117426799806152,0.3308252717038323,0.916769116160233,1.6566865025956239
0.9043472909899535,1.5088950260739118,1.3316176089616754,1.4762170933400058,1.6566865025956239
0.36718970205120166,0.18883533545339942,0.7686527268469894,0.3318895319484745,0.43774596203667576
0.4437210823272614,0.18883533545339942,0.7686527268469894,0.3318895319484745,0.43774596203667576
0.36718970205120166,0.2862294390375822,0.7686527268469894,0.3318895319484745,0.43774596203667576
0.36718970205120166,0.18883533545339942,0.11927825541499179,0.3318895319484745,0.43774596203667576
0.36718970205120166,0.18883533545339942,0.7686527268469894,0.4044066984042651,0.43774596203667576
0.36718970205120166,0.18883533545339942,0.7686527268469894,0.3318895319484745,0.2325152020340824
0.4437210823272614,0.2862294390375822,0.11927825541499179,0.4044066984042651,0.2325152020340824
0.2597916673684753,0.7393995607032771,0.1440536561340646,1.5174222242215263,0.31961396319342883
0.2018436438764632,0.7393995607032771,0.1440536561340646,1.5174222242215263,0.31961396319342883
0.2597916673684753,0.7537343062932929,0.1440536561340646,1.5174222242215263,0.31961396319342883
0.2597916673684753,0.7393995607032771,0.34998344345173144,1.5174222242215263,0.31961396319342883
0.2597916673684753,0.7393995607032771,0.1440536561340646,0.25752121255806176,0.31961396319342883
0.2597916673684753,0.7393995607032771,0.1440536561340646,1.5174222242215263,0.4467100364006189
0.2018436438764632,0.7537343062932929,0.34998344345173144,0.25752121255806176,0.4467100364006189
0.6369078201674501,0.2638151460702344,1.8063845969339927,0.48200929061561204,1.683656529002501
0.9853460334833091,0.2638151460702344,1.8063845969339927,0.48200929061561204,1.683656529002501
0.6369078201674501,0.1896195787904789,1.8063845969339927,0.48200929061561204,1.683656529002501
0.6369078201674501,0.2638151460702344,0.8739244573854402,0.48200929061561204,1.683656529002501
0.6369078201674501,0.2638151460702344,1.8063845969339927,0.8430395256044237,1.683656529002501
0.6369078201674501,0.2638151460702344,1.8063845969339927,0.48200929061561204,0.9910739376160663
0.9853460334833091,0.1896195787904789,0.8739244573854402,0.8430395256044237,0.9910739376160663
0.6154320235909119,1.1603897291807297,0.9908106487012416,0.2175298499647752,0.35998928086445864
1.488141208669488,1.1603897291807297,0.9908106487012416,0.2175298499647752,0.35998928086445864
0.6154320235909119,0.9496910759278363,0.9908106487012416,0.2175298499647752,0.35998928086445864
0.6154320235909119,1.1603897291807297,0.5333878990638474,0.2175298499647752,0.35998928086445864
0.6154320235909119,1.1603897291807297,0.9908106487012416,0.36773118104284414,0.35998928086445864
0.6154320235909119,1.1603897291807297,0.9908106487012416,0.2175298499647752,0.3840160205361583
1.488141208669488,0.9496910759278363,0.5333878990638474,0.36773118104284414,0.3840160205361583
0.2694577275382635,0.16237797407753282,0.24197410078061693,0.6192224607761596,0.6584231563299215
0.22986128214995366,0.16237797407753282,0.24197410078061693,0.6192224607761596,0.6584231563299215
0.2694577275382635,0.21756584915225158,0.24197410078061693,0.6192224607761596,0.6584231563299215
0.2694577275382635,0.16237797407753282,0.29778304466104494,0.6192224607761596,0.6584231563299215
0.2694577275382635,0.16237797407753282,0.24197410078061693,1.7407485038369435,0.6584231563299215
0.2694577275382635,0.16237797407753282,0.24197410078061693,0.6192224607761596,0.8741842809416953
0.22986128214995366,0.21756584915225158,0.29778304466104494,1.7407485038369435,0.8741842809416953
0.35441618150769605,0.8394635256586458,1.8854959946906507,0.4137753861941776,1.4530860960925147
0.37502450512848723,0.8394635256586458,1.8854959946906507,0.4137753861941776,1.4530860960925147
0.35441618150769605,1.183552167046755,1.8854959946906507,0.4137753861941776,1.4530860960925147
0.35441618150769605,0.8394635256586458,0.19539607802961922,0.4137753861941776,1.4530860960925147
0.35441618150769605,0.8394635256586458,1.8854959946906507,0.9326007926397608,1.4530860960925147
0.35441618150769605,0.8394635256586458,1.8854959946906507,0.4137753861941776,1.4643344031089938
0.37502450512848723,1.183552167046755,0.19539607802961922,0.9326007926397608,1.4643344031089938
1.5468704651567977,0.24873363609247362,0.12425912163205721,1.3539554438728967,0.28595551451725076
0.5815492250444664,0.24873363609247362,0.12425912163205721,1.3539554438728967,0.28595551451725076
1.5468704651567977,0.24654745642930176,0.12425912163205721,1.3539554438728967,0.28595551451725076
1.5468704651567977,0.24873363609247362,1.56533699111405,1.3539554438728967,0.28595551451725076
1.5468704651567977,0.24873363609247362,0.12425912163205721,0.21710103716836307,0.28595551451725076
1.5468704651567977,0.24873363609247362,0.12425912163205721,1.3539554438728967,0.20029841081220795
0.5815492250444664,0.24654745642930176,1.56533699111405,0.21710103716836307,0.20029841081220795
1.232037858247437,0.6321618982206447,0.3485961903129939,1.7698804629046363,0.2610183880499295
0.955906849237713,0.6321618982206447,0.3485961903129939,1.7698804629046363,0.2610183880499295
1.232037858247437,2.1128208874142054,0.3485961903129939,1.7698804629046363,0.2610183880499295
1.232037858247437,0.6321618982206447,0.11556256244358243,1.7698804629046363,0.2610183880499295
1.232037858247437,0.6321618982206447,0.3485961903129939,0.7863989942451418,0.2610183880499295
1.232037858247437,0.6321618982206447,0.3485961903129939,1.7698804629046363,0.6801049685640137
0.955906849237713,2.1128208874142054,0.11556256244358243,0.7863989942451418,0.6801049685640137
0.5004307337277634,0.4769811246986113,0.6720979570149362,0.5432830410385877,1.209590608919323
0.19758741875821637,0.4769811246986113,0.6720979570149362,0.5432830410385877,1.209590608919323
0.5004307337277634,0.4399641072217463,0.6720979570149362,0.5432830410385877,1.209590608919323
0.5004307337277634,0.4769811246986113,1.2882361606768622,0.5432830410385877,1.209590608919323
0.5004307337277634,0.4769811246986113,0.6720979570149362,0.2757258104154686,1.209590608919323
0.5004307337277634,0.4769811246986113,0.6720979570149362,0.5432830410385877,0.4935983031837665
0.19758741875821637,0.4399641072217463,1.2882361606768622,0.2757258104154686,0.4935983031837665
0.21577088258243232,1.8458356222867072,0.18318923542774548,0.8134692972807334,1.0080361721855877
0.43824155412510174,1.8458356222867072,0.18318923542774548,0.8134692972807334,1.0080361721855877
0.21577088258243232,0.5385270887009228,0.18318923542774548,0.8134692972807334,1.0080361721855877
0.21577088258243232,1.8458356222867072,0.9284592803016998,0.8134692972807334,1.0080361721855877
0.21577088258243232,1.8458356222867072,0.18318923542774548,0.4970870154657562,1.0080361721855877
0.21577088258243232,1.8458356222867072,0.18318923542774548,0.8134692972807334,0.2757539040240967
0.43824155412510174,0.5385270887009228,0.9284592803016998,0.4970870154657562,0.2757539040240967
0.8790669652384088,0.14750415165294636,1.3087617934038058,0.28450597537505923,0.5359934594051784
0.9012885732184563,0.14750415165294636,1.3087617934038058,0.28450597537505923,0.5359934594051784
0.8790669652384088,0.12332659674184913,1.3087617934038058,0.28450597537505923,0.5359934594051784
0.8790669652384088,0.14750415165294636,0.37237837438314186,0.28450597537505923,0.5359934594051784
0.8790669652384088,0.14750415165294636,1.3087617934038058,1.2024667649041492,0.5359934594051784
0.8790669652384088,0.14750415165294636,1.3087617934038058,0.28450597537505923,1.0636323786466597
0.9012885732184563,0.12332659674184913,0.37237837438314186,1.2024667649041492,1.0636323786466597
0.7816449673991727,0.911954778441293,0.22345737972408752,0.4613873368085198,0.7599570372538339
0.6374548774223023,0.911954778441293,0.22345737972408752,0.4613873368085198,0.7599570372538339
0.7816449673991727,1.6798008311555153,0.22345737972408752,0.4613873368085198,0.7599570372538339
0.7816449673991727,0.911954778441293,0.15890037212746508,0.4613873368085198,0.7599570372538339
0.7816449673991727,0.911954778441293,0.22345737972408752,0.6762513752116855,0.7599570372538339
0.7816449673991727,0.911954778441293,0.22345737972408752,0.4613873368085198,0.24139547423679322
0.6374548774223023,1.6798008311555153,0.15890037212746508,0.6762513752116855,0.24139547423679322
0.19162779934272114,0.3258546993270665,1.0987248596491648,1.5032408107371003,0.41528303009114576
0.31281351765144966,0.3258546993270665,1.0987248596491648,1.5032408107371003,0.41528303009114576
0.19162779934272114,0.36709497310255945,1.0987248596491648,1.5032408107371003,0.41528303009114576
0.19162779934272114,0.3258546993270665,1.2181998357589192,1.5032408107371003,0.41528303009114576
0.19162779934272114,0.3258546993270665,1.0987248596491648,0.32096483287280797,0.41528303009114576
0.19162779934272114,0.3258546993270665,1.0987248596491648,1.5032408107371003,1.5989146615765275
0.31281351765144966,0.36709497310255945,1.2181998357589192,0.32096483287280797,1.5989146615765275
0.4287382977232693,1.3807731254173976,0.41553913181057217,0.3350219299741561,0.3261880265047751
0.2869578221993946,1.3807731254173976,0.41553913181057217,0.3350219299741561,0.3261880265047751
0.4287382977232693,0.638299442102747,0.41553913181057217,0.3350219299741561,0.3261880265047751
0.4287382977232693,1.3807731254173976,0.7994535718362302,0.3350219299741561,0.3261880265047751
0.4287382977232693,1.3807731254173976,0.41553913181057217,0.5621189928258009,0.3261880265047751
0.4287382977232693,1.3807731254173976,0.41553913181057217,0.3350219299741561,1.0226105119543292
0.2869578221993946,0.638299442102747,0.7994535718362302,0.5621189928258009,1.0226105119543292
1.056803524696281,0.232999901945498,0.5505796928250817,0.9577405727149609,1.6566252510622097
1.4010481717233516,0.232999901945498,0.5505796928250817,0.9577405727149609,1.6566252510622097
1.056803524696281,0.1529554154430518,0.5505796928250817,0.9577405727149609,1.6566252510622097
1.056803524696281,0.232999901945498,0.46630520238959056,0.9577405727149609,1.6566252510622097
1.056803524696281,0.232999901945498,0.5505796928250817,1.0621604894670484,1.6566252510622097
1.056803524696281,0.232999901945498,0.5505796928250817,0.9577405727149609,0.4321978183205793
1.4010481717233516,0.1529554154430518,0.46630520238959056,1.0621604894670484,0.4321978183205793
1.3017053769587912,1.8220242512349887,1.545578683238893,0.7287518218400721,1.047830467720838
0.7315348276314798,1.8220242512349887,1.545578683238893,0.7287518218400721,1.047830467720838
1.3017053769587912,0.7651529998000424,1.545578683238893,0.7287518218400721,1.047830467720838
1.3017053769587912,1.8220242512349887,0.687690320402576,0.7287518218400721,1.047830467720838
1.3017053769587912,1.8220242512349887,1.545578683238893,0.4130653128543629,1.047830467720838
1.3017053769587912,1.8220242512349887,1.545578683238893,0.7287518218400721,1.2709124934680065
0.7315348276314798,0.7651529998000424,0.687690320402576,0.4130653128543629,1.2709124934680065
0.2985610575227019,0.12074109954120475,0.14802657124103547,0.2559825451930011,0.22623527858063766
0.4759538524486003,0.12074109954120475,0.14802657124103547,0.2559825451930011,0.22623527858063766
0.2985610575227019,0.1834201890954671,0.14802657124103547,0.2559825451930011,0.22623527858063766
0.2985610575227019,0.12074109954120475,0.2640446798616363,0.2559825451930011,0.22623527858063766
0.2985610575227019,0.12074109954120475,0.14802657124103547,1.5479697680084252,0.22623527858063766
0.2985610575227019,0.12074109954120475,0.14802657124103547,0.2559825451930011,0.30369259969818785
0.4759538524486003,0.1834201890954671,0.2640446798616363,1.5479697680084252,0.30369259969818785
0.23531135511514675,0.5701157586828586,0.8311159767093812,1.1504416134489357,0.46982247876038163
0.1877499879996266,0.5701157586828586,0.8311159767093812,1.1504416134489357,0.46982247876038163
0.23531135511514675,1.4174802108458302,0.8311159767093812,1.1504416134489357,0.46982247876038163
0.23531135511514675,0.5701157586828586,0.19024142096791521,1.1504416134489357,0.46982247876038163
0.23531135511514675,0.5701157586828586,0.8311159767093812,0.7970515271062244,0.46982247876038163
0.23531135511514675,0.5701157586828586,0.8311159767093812,1.1504416134489357,0.5823826348706649
0.1877499879996266,1.4174802108458302,0.19024142096791521,0.7970515271062244,0.5823826348706649
0.536872888783084,0.3567122323327842,0.29540715753368874,0.3516384414703356,0.884055941896454
1.2263727998130012,0.3567122323327842,0.29540715753368874,0.3516384414703356,0.884055941896454
0.536872888783084,0.3098822702318818,0.29540715753368874,0.3516384414703356,0.884055941896454
0.536872888783084,0.3567122323327842,2.216460315521518,0.3516384414703356,0.884055941896454
0.536872888783084,0.3567122323327842,0.29540715753368874,0.25428359817771323,0.884055941896454
0.536872888783084,0.3567122323327842,0.29540715753368874,0.3516384414703356,0.758894972898066
1.2263727998130012,0.3098822702318818,2.216460315521518,0.25428359817771323,0.758894972898066
0.6072035771593794,0.5101676148272843,1.2049681859714414,0.8824456268642339,0.2708220651797214
0.5034067711767588,0.5101676148272843,1.2049681859714414,0.8824456268642339,0.2708220651797214
0.6072035771593794,0.2014655435517688,1.2049681859714414,0.8824456268642339,0.2708220651797214
0.6072035771593794,0.5101676148272843,0.1706388061783456,0.8824456268642339,0.2708220651797214
0.6072035771593794,0.5101676148272843,1.2049681859714414,0.34607157621878143,0.2708220651797214
0.6072035771593794,0.5101676148272843,1.2049681859714414,0.8824456268642339,0.4881400891494812
0.5034067711767588,0.2014655435517688,0.1706388061783456,0.34607157621878143,0.4881400891494812
0.24738178558580315,0.38556407834050865,0.20368058699757097,0.2785100118322702,1.541936411905884
0.7706841803202608,0.38556407834050865,0.20368058699757097,0.2785100118322702,1.541936411905884
0.24738178558580315,1.013669270666851,0.20368058699757097,0.2785100118322702,1.541936411905884
0.24738178558580315,0.38556407834050865,1.990782912501122,0.2785100118322702,1.541936411905884
0.24738178558580315,0.38556407834050865,0.20368058699757097,0.6266229877939624,1.541936411905884
0.24738178558580315,0.38556407834050865,0.20368058699757097,0.2785100118322702,0.6009204083440681
0.7706841803202608,1.013669270666851,1.990782912501122,0.6266229877939624,0.6009204083440681
0.3342792159038797,1.657868164187028,0.501255290586606,1.5900107465586257,0.6007475392060564
1.1185188388443346,1.657868164187028,0.501255290586606,1.5900107465586257,0.6007475392060564
0.3342792159038797,0.2822448792129082,0.501255290586606,1.5900107465586257,0.6007475392060564
0.3342792159038797,1.657868164187028,0.6177347974024301,1.5900107465586257,0.6007475392060564
0.3342792159038797,1.657868164187028,0.501255290586606,1.1367918562956203,0.6007475392060564
0.3342792159038797,1.657868164187028,0.501255290586606,1.5900107465586257,1.1519804279351262
1.1185188388443346,0.2822448792129082,0.6177347974024301,1.1367918562956203,1.1519804279351262
1.3577722434029638,0.1322666672976733,0.45659625781437435,0.5793337568752582,0.39248437592514235
0.17191488488873646,0.1322666672976733,0.45659625781437435,0.5793337568752582,0.39248437592514235
1.3577722434029638,1.070808845562988,0.45659625781437435,0.5793337568752582,0.39248437592514235
1.3577722434029638,0.1322666672976733,0.23681258533421717,0.5793337568752582,0.39248437592514235
1.3577722434029638,0.1322666672976733,0.45659625781437435,0.5256913155351541,0.39248437592514235
1.3577722434029638,0.1322666672976733,0.45659625781437435,0.5793337568752582,0.2913825450070204
0.17191488488873646,1.070808845562988,0.23681258533421717,0.5256913155351541,0.2913825450070204
0.9449450586317352,1.5045071128726726,0.13555932033208062,0.43746137694580856,0.5610306941096609
0.3292775856403398,1.5045071128726726,0.13555932033208062,0.43746137694580856,0.5610306941096609
0.9449450586317352,0.4864687328439836,0.13555932033208062,0.43746137694580856,0.5610306941096609
0.9449450586317352,1.5045071128726726,0.7397103656605685,0.43746137694580856,0.5610306941096609
0.9449450586317352,1.5045071128726726,0.13555932033208062,1.447072501103147,0.5610306941096609
0.9449450586317352,1.5045071128726726,0.13555932033208062,0.43746137694580856,0.8273102406247629
0.3292775856403398,0.4864687328439836,0.7397103656605685,1.447072501103147,0.8273102406247629
0.41242279120845954,0.210799449698845,1.6883421431752659,1.2059605498043224,0.958007021755234
0.6744148983930468,0.210799449698845,1.6883421431752659,1.2059605498043224,0.958007021755234
0.41242279120845954,1.8449404472128965,1.6883421431752659,1.2059605498043224,0.958007021755234
0.41242279120845954,0.210799449698845,0.43079122380623763,1.2059605498043224,0.958007021755234
0.41242279120845954,0.210799449698845,1.6883421431752659,0.4423853634910137,0.958007021755234
0.41242279120845954,0.210799449698845,1.6883421431752659,1.2059605498043224,0.35455897196223624
0.6744148983930468,1.8449404472128965,0.43079122380623763,0.4423853634910137,0.35455897196223624
0.1700044421396166,0.9809053660446585,0.3258657481999612,0.21112559369569295,1.3142082079307391
1.2839597544054409,0.9809053660446585,0.3258657481999612,0.21112559369569295,1.3142082079307391
0.1700044421396166,0.11558677701626215,0.3258657481999612,0.21112559369569295,1.3142082079307391
0.1700044421396166,0.9809053660446585,0.14681038743383573,0.21112559369569295,1.3142082079307391
0.1700044421396166,0.9809053660446585,0.3258657481999612,0.2354644233226302,1.3142082079307391
0.1700044421396166,0.9809053660446585,0.3258657481999612,0.21112559369569295,0.22668835270409984
1.2839597544054409,0.11558677701626215,0.14681038743383573,0.2354644233226302,0.22668835270409984
0.7443431922408551,0.2902737830260814,0.7531566954619947,0.6659871758678007,0.24143822007104748
0.26164675956999367,0.2902737830260814,0.7531566954619947,0.6659871758678007,0.24143822007104748
0.7443431922408551,0.5813592360806685,0.7531566954619947,0.6659871758678007,0.24143822007104748
0.7443431922408551,0.2902737830260814,1.1270717251929292,0.6659871758678007,0.24143822007104748
0.7443431922408551,0.2902737830260814,0.7531566954619947,0.85974489454651,0.24143822007104748
0.7443431922408551,0.2902737830260814,0.7531566954619947,0.6659871758678007,1.480732798072189
0.26164675956999367,0.5813592360806685,1.1270717251929292,0.85974489454651,1.480732798072189
0.8513379541236555,2.0680239373882587,0.2672407861295544,1.078883985724901,1.7487278200294991
0.2156678450718395,2.0680239373882587,0.2672407861295544,1.078883985724901,1.7487278200294991
0.8513379541236555,0.40058785107330125,0.2672407861295544,1.078883985724901,1.7487278200294991
0.8513379541236555,2.0680239373882587,1.005277606482013,1.078883985724901,1.7487278200294991
0.8513379541236555,2.0680239373882587,0.2672407861295544,1.636462908336998,1.7487278200294991
0.8513379541236555,2.0680239373882587,0.2672407861295544,1.078883985724901,0.34086729544037114
0.2156678450718395,0.40058785107330125,1.005277606482013,1.636462908336998,0.34086729544037114
0.19423829647940197,0.13681634451075791,0.8974615567833616,0.39140590319867574,0.3073098000407584
1.048660973364616,0.13681634451075791,0.8974615567833616,0.39140590319867574,0.3073098000407584
0.19423829647940197,1.5943775915330871,0.8974615567833616,0.39140590319867574,0.3073098000407584
0.19423829647940197,0.13681634451075791,0.40263259703013876,0.39140590319867574,0.3073098000407584
0.19423829647940197,0.13681634451075791,0.8974615567833616,0.3907849641231509,0.3073098000407584
0.19423829647940197,0.13681634451075791,0.8974615567833616,0.39140590319867574,1.2965608150737582
1.048660973364616,1.5943775915330871,0.40263259703013876,0.3907849641231509,1.2965608150737582
0.48848347421248306,0.7011379713119058,0.11367925931869893,0.7444687925588953,0.4552749565973177
0.8559782976897999,0.7011379713119058,0.11367925931869893,0.7444687925588953,0.4552749565973177
0.48848347421248306,0.1354071888907359,0.11367925931869893,0.7444687925588953,0.4552749565973177
0.48848347421248306,0.7011379713119058,0.12494139762040933,0.7444687925588953,0.4552749565973177
0.48848347421248306,0.7011379713119058,0.11367925931869893,0.20249323408499914,0.4552749565973177
0.48848347421248306,0.7011379713119058,0.11367925931869893,0.7444687925588953,0.7241924541526356
0.8559782976897999,0.1354071888907359,0.12494139762040933,0.20249323408499914,0.7241924541526356
1.1203867602308806,0.43941714348922783,2.060222229816058,0.23596484255776812,0.6972246266358275
0.4141131510897519,0.43941714348922783,2.060222229816058,0.23596484255776812,0.6972246266358275
1.1203867602308806,0.7126384522746801,2.060222229816058,0.23596484255776812,0.6972246266358275
1.1203867602308806,0.43941714348922783,1.3949353224815149,0.23596484255776812,0.6972246266358275
1.1203867602308806,0.43941714348922783,2.060222229816058,1.0008514920018998,0.6972246266358275
1.1203867602308806,0.43941714348922783,2.060222229816058,0.23596484255776812,0.5329849404556014
0.4141131510897519,0.7126384522746801,1.3949353224815149,1.0008514920018998,0.5329849404556014
1.5793683845890631,0.7678915664369225,0.6112721485999644,0.31148531718306693,0.8448295509765053
0.25195360501918135,0.7678915664369225,0.6112721485999644,0.31148531718306693,0.8448295509765053
1.5793683845890631,0.1642281364638041,0.6112721485999644,0.31148531718306693,0.8448295509765053
1.5793683845890631,0.7678915664369225,0.21744356125923064,0.31148531718306693,0.8448295509765053
1.5793683845890631,0.7678915664369225,0.6112721485999644,0.295785278892342,0.8448295509765053
1.5793683845890631,0.7678915664369225,0.6112721485999644,0.31148531718306693,1.747133210469549
0.25195360501918135,0.1642281364638041,0.21744356125923064,0.295785278892342,1.747133210469549
0.3892970453221826,0.2740254175744374,0.38314412365242734,0.9868300213502235,0.4944902093841733
1.6247769716691096,0.2740254175744374,0.38314412365242734,0.9868300213502235,0.4944902093841733
0.3892970453221826,0.8646366699565443,0.38314412365242734,0.9868300213502235,0.4944902093841733
0.3892970453221826,0.2740254175744374,1.744688400755294,0.9868300213502235,0.4944902093841733
0.3892970453221826,0.2740254175744374,0.38314412365242734,0.7339775552269631,0.4944902093841733
0.3892970453221826,0.2740254175744374,0.38314412365242734,0.9868300213502235,0.25295861672212155
1.6247769716691096,0.8646366699565443,1.744688400755294,0.7339775552269631,0.25295861672212155
0.2779214632245507,1.0697854659101977,1.4370219226089127,0.5179935109015267,0.2081699661409721
0.5499924521031843,1.0697854659101977,1.4370219226089127,0.5179935109015267,0.2081699661409721
0.2779214632245507,0.3263701382243769,1.4370219226089127,0.5179935109015267,0.2081699661409721
0.2779214632245507,1.0697854659101977,0.5944399293615661,0.5179935109015267,0.2081699661409721
0.2779214632245507,1.0697854659101977,1.4370219226089127,1.2769951823839092,0.2081699661409721
0.2779214632245507,1.0697854659101977,1.4370219226089127,0.5179935109015267,0.4236410365230008
0.5499924521031843,0.3263701382243769,0.5944399293615661,1.2769951823839092,0.4236410365230008
0.681355024463165,0.18075480080511455,0.16690001075465163,1.4218903867115302,1.1325036661406762
0.3560697130914593,0.18075480080511455,0.16690001075465163,1.4218903867115302,1.1325036661406762
0.681355024463165,1.2994602498446646,0.16690001075465163,1.4218903867115302,1.1325036661406762
0.681355024463165,0.18075480080511455,0.3314179610866199,1.4218903867115302,1.1325036661406762
0.681355024463165,0.18075480080511455,0.16690001075465163,0.46749533503523655,1.1325036661406762
0.681355024463165,0.18075480080511455,0.16690001075465163,1.4218903867115302,0.9111006601776874
0.3560697130914593,1.2994602498446646,0.3314179610866199,0.46749533503523655,0.9111006601776874
0.6938132286324973,1.920420535753555,1.360109086210151,0.3857376505478383,0.6474001367623725
0.27377042874764407,1.920420535753555,1.360109086210151,0.3857376505478383,0.6474001367623725
0.6938132286324973,2.1944136623062502,1.360109086210151,0.3857376505478383,0.6474001367623725
0.6938132286324973,1.920420535753555,0.2446531390561465,0.3857376505478383,0.6474001367623725
0.6938132286324973,1.920420535753555,1.360109086210151,0.2193384204640471,0.6474001367623725
0.6938132286324973,1.920420535753555,1.360109086210151,0.3857376505478383,0.4344205713810705
0.27377042874764407,2.1944136623062502,0.2446531390561465,0.2193384204640471,0.4344205713810705
0.282766596335085,0.15343636773570027,0.19132074727673046,1.1024709173037546,0.3661188701399046
1.3426866660194343,0.15343636773570027,0.19132074727673046,1.1024709173037546,0.3661188701399046
0.282766596335085,0.416195610795977,0.19132074727673046,1.1024709173037546,0.3661188701399046
0.282766596335085,0.15343636773570027,0.6080568743107174,1.1024709173037546,0.3661188701399046
0.282766596335085,0.15343636773570027,0.19132074727673046,0.9072443109693266,0.3661188701399046
0.282766596335085,0.15343636773570027,0.19132074727673046,1.1024709173037546,1.0190850754846814
1.3426866660194343,0.416195610795977,0.6080568743107174,0.9072443109693266,1.0190850754846814
0.38230761443979133,0.6518062327494873,0.6979079590688434,0.23336078752502054,0.2909805314606406
0.6926374666540205,0.6518062327494873,0.6979079590688434,0.23336078752502054,0.2909805314606406
0.38230761443979133,0.5183614104746495,0.6979079590688434,0.23336078752502054,0.2909805314606406
0.38230761443979133,0.6518062327494873,1.959864092425448,0.23336078752502054,0.2909805314606406
0.38230761443979133,0.6518062327494873,0.6979079590688434,1.7897980183599125,0.2909805314606406
0.38230761443979133,0.6518062327494873,0.6979079590688434,0.23336078752502054,1.5905202468550748
0.6926374666540205,0.5183614104746495,1.959864092425448,1.7897980183599125,1.5905202468550748
1.552302903629357,0.4918929966829205,0.36436113099293876,0.7605369725598565,1.427993153478187
0.3383677034047776,0.4918929966829205,0.36436113099293876,0.7605369725598565,1.427993153478187
1.552302903629357,0.1303816039953472,0.36436113099293876,0.7605369725598565,1.427993153478187
1.552302903629357,0.4918929966829205,0.17628026855755857,0.7605369725598565,1.427993153478187
1.552302903629357,0.4918929966829205,0.36436113099293876,0.3638657175662503,1.427993153478187
1.552302903629357,0.4918929966829205,0.36436113099293876,0.7605369725598565,0.24219806222787746
0.3383677034047776,0.1303816039953472,0.17628026855755857,0.3638657175662503,0.24219806222787746
1.0996360705687873,0.8655925483006913,0.12978962560962712,0.9979084028820846,1.2301761308906058
0.17667168088492818,0.8655925483006913,0.12978962560962712,0.9979084028820846,1.2301761308906058
1.0996360705687873,0.8930654745309833,0.12978962560962712,0.9979084028820846,1.2301761308906058
1.0996360705687873,0.8655925483006913,1.1292154451636096,0.9979084028820846,1.2301761308906058
1.0996360705687873,0.8655925483006913,0.12978962560962712,1.2305594279141303,1.2301761308906058
1.0996360705687873,0.8655925483006913,0.12978962560962712,0.9979084028820846,0.743407340381958
0.17667168088492818,0.8930654745309833,1.1292154451636096,1.2305594279141303,0.743407340381958
0.4798373073735613,0.2565226751625202,1.959246365121413,0.304924733704568,0.2566506970641498
1.1488317314975633,0.2565226751625202,1.959246365121413,0.304924733704568,0.2566506970641498
0.4798373073735613,0.22471157028213673,1.959246365121413,0.304924733704568,0.2566506970641498
0.4798373073735613,0.2565226751625202,0.1405557769289178,0.304924733704568,0.2566506970641498
0.4798373073735613,0.2565226751625202,1.959246365121413,0.4940433968682733,0.2566506970641498
0.4798373073735613,0.2565226751625202,1.959246365121413,0.304924733704568,0.5955130030562105
1.1488317314975633,0.22471157028213673,0.1405557769289178,0.4940433968682733,0.5955130030562105
0.19790323694416323,1.207214569626292,0.25293443618910394,1.442882019111915,0.5267419685810861
0.8058848364990369,1.207214569626292,0.25293443618910394,1.442882019111915,0.5267419685810861
0.19790323694416323,1.2584811614011133,0.25293443618910394,1.442882019111915,0.5267419685810861
0.19790323694416323,1.207214569626292,0.41245726141544314,1.442882019111915,0.5267419685810861
0.19790323694416323,1.207214569626292,0.25293443618910394,0.27748608359791943,0.5267419685810861
0.19790323694416323,1.207214569626292,0.25293443618910394,1.442882019111915,0.3099779269300839
0.8058848364990369,1.2584811614011133,0.41245726141544314,0.27748608359791943,0.3099779269300839
0.8666800775459128,0.16889941564491526,1.0287891512638265,0.5069455172255768,1.0257414811228998
0.5266910438408241,0.16889941564491526,1.0287891512638265,0.5069455172255768,1.0257414811228998
0.8666800775459128,0.23877277919225276,1.0287891512638265,0.5069455172255768,1.0257414811228998
0.8666800775459128,0.16889941564491526,0.7410152093051597,0.5069455172255768,1.0257414811228998
0.8666800775459128,0.16889941564491526,1.0287891512638265,0.7682046564086941,1.0257414811228998
0.8666800775459128,0.16889941564491526,1.0287891512638265,0.5069455172255768,1.2427236014142107
0.5266910438408241,0.23877277919225276,0.7410152093051597,0.7682046564086941,1.2427236014142107
0.7317818563808394,0.5463765599097421,0.3085373422430285,0.2727889617355021,0.42257696869982
0.34670193250379133,0.5463765599097421,0.3085373422430285,0.2727889617355021,0.42257696869982
0.7317818563808394,0.736494909798678,0.3085373422430285,0.2727889617355021,0.42257696869982
0.7317818563808394,0.5463765599097421,1.4569504950444108,0.2727889617355021,0.42257696869982
0.7317818563808394,0.5463765599097421,0.3085373422430285,1.0551394946237973,0.42257696869982
0.7317818563808394,0.5463765599097421,0.3085373422430285,0.2727889617355021,0.20617847888720123
0.34670193250379133,0.736494909798678,1.4569504950444108,1.0551394946237973,0.20617847888720123
0.16690196470374127,0.3419216336791084,0.8636737820780671,0.8928323534944265,0.746839307513376
0.5352170712282652,0.3419216336791084,0.8636737820780671,0.8928323534944265,0.746839307513376
0.16690196470374127,0.1939134921779196,0.8636737820780671,0.8928323534944265,0.746839307513376
0.16690196470374127,0.3419216336791084,0.12472202470795092,0.8928323534944265,0.746839307513376
0.16690196470374127,0.3419216336791084,0.8636737820780671,0.5755867200748254,0.746839307513376
0.16690196470374127,0.3419216336791084,0.8636737820780671,0.8928323534944265,1.4194281409449647
0.5352170712282652,0.1939134921779196,0.12472202470795092,0.5755867200748254,1.4194281409449647
0.4195031188547762,1.772282173649393,0.15471565262631015,0.5666748739850959,1.6289037745814205
1.5528250459841082,1.772282173649393,0.15471565262631015,0.5666748739850959,1.6289037745814205
0.4195031188547762,1.4722321958719053,0.15471565262631015,0.5666748739850959,1.6289037745814205
0.4195031188547762,1.772282173649393,0.4018707805109195,0.5666748739850959,1.6289037745814205
0.4195031188547762,1.772282173649393,0.15471565262631015,0.31338519756028216,1.6289037745814205
0.4195031188547762,1.772282173649393,0.15471565262631015,0.5666748739850959,0.8493669915398352
1.5528250459841082,1.4722321958719053,0.4018707805109195,0.31338519756028216,0.8493669915398352
0.9625081709982188,0.11742329931430567,1.6049874557792563,1.612606354401586,0.33173907373149053
0.2409335884224397,0.11742329931430567,1.6049874557792563,1.612606354401586,0.33173907373149053
0.9625081709982188,0.29314028363790445,1.6049874557792563,1.612606354401586,0.33173907373149053
0.9625081709982188,0.11742329931430567,1.0500167464703163,1.612606354401586,0.33173907373149053
0.9625081709982188,0.11742329931430567,1.6049874557792563,0.6809652153037533,0.33173907373149053
0.9625081709982188,0.11742329931430567,1.6049874557792563,1.612606354401586,0.39621819157850163
0.2409335884224397,0.29314028363790445,1.0500167464703163,0.6809652153037533,0.39621819157850163
1.3818251677733,1.3430210297250793,0.5720825654373921,1.2329823470466503,0.2223283420692693
0.3960248840500562,1.3430210297250793,0.5720825654373921,1.2329823470466503,0.2223283420692693
1.3818251677733,1.7861628841228279,0.5720825654373921,1.2329823470466503,0.2223283420692693
1.3818251677733,1.3430210297250793,0.3366486056176089,1.2329823470466503,0.2223283420692693
1.3818251677733,1.3430210297250793,0.5720825654373921,0.24724861303645704,0.2223283420692693
1.3818251677733,1.3430210297250793,0.5720825654373921,1.2329823470466503,1.048865291873357
0.3960248840500562,1.7861628841228279,0.3366486056176089,0.24724861303645704,1.048865291873357
0.3406769998299471,0.22658803455553653,0.4340585813495636,0.43136041455560636,1.0662432306154497
0.8181367392777213,0.22658803455553653,0.4340585813495636,0.43136041455560636,1.0662432306154497
0.3406769998299471,0.3555181008958291,0.4340585813495636,0.43136041455560636,1.0662432306154497
0.3406769998299471,0.22658803455553653,0.575419114783839,0.43136041455560636,1.0662432306154497
0.3406769998299471,0.22658803455553653,0.4340585813495636,0.8057349326150728,1.0662432306154497
0.3406769998299471,0.22658803455553653,0.4340585813495636,0.43136041455560636,0.279018164742031
0.8181367392777213,0.3555181008958291,0.575419114783839,0.8057349326150728,0.279018164742031
0.24307516771585663,0.8740158426418062,1.1408795681196326,0.6800004810098088,0.8991082566899251
1.0204263225045604,0.8740158426418062,1.1408795681196326,0.6800004810098088,0.8991082566899251
0.24307516771585663,0.6002354039947901,1.1408795681196326,0.6800004810098088,0.8991082566899251
0.24307516771585663,0.8740158426418062,1.6887859742138005,0.6800004810098088,0.8991082566899251
0.24307516771585663,0.8740158426418062,1.1408795681196326,1.5309472052094968,0.8991082566899251
0.24307516771585663,0.8740158426418062,1.1408795681196326,0.6800004810098088,0.5006148257036558
1.0204263225045604,0.6002354039947901,1.6887859742138005,1.5309472052094968,0.5006148257036558
0.5958018342475587,0.3123555619515786,0.23357111897592422,0.2086835682927433,0.46195675160377897
0.20997725656141258,0.3123555619515786,0.23357111897592422,0.2086835682927433,0.46195675160377897
0.5958018342475587,0.15797949806955427,0.23357111897592422,0.2086835682927433,0.46195675160377897
0.5958018342475587,0.3123555619515786,0.22090550985081162,0.2086835682927433,0.46195675160377897
0.5958018342475587,0.3123555619515786,0.23357111897592422,0.42495184042735923,0.46195675160377897
0.5958018342475587,0.3123555619515786,0.23357111897592422,0.2086835682927433,0.6722384566754976
0.20997725656141258,0.15797949806955427,0.22090550985081162,0.42495184042735923,0.6722384566754976
0.5273748335020093,0.9766754386000852,0.7865880309257862,1.4870494005990933,1.5682345010895662
0.9262297653421141,0.9766754386000852,0.7865880309257862,1.4870494005990933,1.5682345010895662
0.5273748335020093,0.47099799683783383,0.7865880309257862,1.4870494005990933,1.5682345010895662
0.5273748335020093,0.9766754386000852,1.5614382578074344,1.4870494005990933,1.5682345010895662
0.5273748335020093,0.9766754386000852,0.7865880309257862,0.5405469116880536,1.5682345010895662
0.5273748335020093,0.9766754386000852,0.7865880309257862,1.4870494005990933,0.5301512167153585
0.9262297653421141,0.47099799683783383,1.5614382578074344,0.5405469116880536,0.5301512167153585
0.23095112750283583,0.28896909989832326,0.33865048541142645,0.471221961798621,0.26628044311187404
0.45011982587811006,0.28896909989832326,0.33865048541142645,0.471221961798621,0.26628044311187404
0.23095112750283583,1.9619376836675337,0.33865048541142645,0.471221961798621,0.26628044311187404
0.23095112750283583,0.28896909989832326,0.20393234855353054,0.471221961798621,0.26628044311187404
0.23095112750283583,0.28896909989832326,0.33865048541142645,1.124931899730409,0.26628044311187404
0.23095112750283583,0.28896909989832326,0.33865048541142645,0.471221961798621,0.7265515659563845
0.45011982587811006,1.9619376836675337,0.20393234855353054,1.124931899730409,0.7265515659563845
0.3039388291403639,1.4760715611702553,1.764696368982882,0.9436240872089551,0.3856955002737984
0.206611466058076,1.4760715611702553,1.764696368982882,0.9436240872089551,0.3856955002737984
0.3039388291403639,0.11935067354623713,1.764696368982882,0.9436240872089551,0.3856955002737984
0.3039388291403639,1.4760715611702553,0.3108067455067941,0.9436240872089551,0.3856955002737984
0.3039388291403639,1.4760715611702553,1.764696368982882,0.6330887299522091,0.3856955002737984
0.3039388291403639,1.4760715611702553,1.764696368982882,0.9436240872089551,1.303316381340993
0.206611466058076,0.11935067354623713,0.3108067455067941,0.6330887299522091,1.303316381340993
1.3262779311929218,0.20685318110816037,0.14076513590455808,0.34243687357403146,0.6113213544595758
1.0001174070825318,0.20685318110816037,0.14076513590455808,0.34243687357403146,0.6113213544595758
1.3262779311929218,0.5467405781683948,0.14076513590455808,0.34243687357403146,0.6113213544595758
1.3262779311929218,0.20685318110816037,0.5319861047475933,0.34243687357403146,0.6113213544595758
1.3262779311929218,0.20685318110816037,0.14076513590455808,0.33666645833826897,0.6113213544595758
1.3262779311929218,0.20685318110816037,0.14076513590455808,0.34243687357403146,0.3397149605805878
1.0001174070825318,0.5467405781683948,0.5319861047475933,0.33666645833826897,0.3397149605805878
1.0752178053456465,1.6264489383243215,0.4744556453737602,0.2598293029802694,0.941933606029621
0.6084939487749914,1.6264489383243215,0.4744556453737602,0.2598293029802694,0.941933606029621
1.0752178053456465,0.21297175275452176,0.4744556453737602,0.2598293029802694,0.941933606029621
1.0752178053456465,1.6264489383243215,0.36019766951396476,0.2598293029802694,0.941933606029621
1.0752178053456465,1.6264489383243215,0.4744556453737602,0.8652444794507493,0.941933606029621
1.0752178053456465,1.6264489383243215,0.4744556453737602,0.2598293029802694,0.9298948206776152
0.6084939487749914,0.21297175275452176,0.36019766951396476,0.8652444794507493,0.9298948206776152
0.43658140037067633,0.1297836863818884,0.5235648542817776,0.7130192814660791,0.5706039688772172
0.3921764029029868,0.1297836863818884,0.5235648542817776,0.7130192814660791,0.5706039688772172
0.43658140037067633,0.9759711379371326,0.5235648542817776,0.7130192814660791,0.5706039688772172
0.43658140037067633,0.1297836863818884,0.9424170966878354,0.7130192814660791,0.5706039688772172
0.43658140037067633,0.1297836863818884,0.5235648542817776,0.23001953973398329,0.5706039688772172
0.43658140037067633,0.1297836863818884,0.5235648542817776,0.7130192814660791,0.41421691198821203
0.3921764029029868,0.9759711379371326,0.9424170966878354,0.23001953973398329,0.41421691198821203
0.18834555014564852,0.50799276589942,0.21148789429156598,0.355491213406088,0.24568984867584426
0.236072849655482,0.50799276589942,0.21148789429156598,0.355491213406088,0.24568984867584426
0.18834555014564852,0.26697167141396955,0.21148789429156598,0.355491213406088,0.24568984867584426
0.18834555014564852,0.50799276589942,1.307783023264989,0.355491213406088,0.24568984867584426
0.18834555014564852,0.50799276589942,0.21148789429156598,0.4527566686233921,0.24568984867584426
0.18834555014564852,0.50799276589942,0.21148789429156598,0.355491213406088,0.24781283514079885
0.236072849655482,0.26697167141396955,1.307783023264989,0.4527566686233921,0.24781283514079885
0.7676045483405907,0.38385036093393665,1.259548344269941,1.1265075146487689,1.291465320283904
1.5292283155338189,0.38385036093393665,1.259548344269941,1.1265075146487689,1.291465320283904
0.7676045483405907,1.1124755778949051,1.259548344269941,1.1265075146487689,1.291465320283904
0.7676045483405907,0.38385036093393665,0.11177726944111423,1.1265075146487689,1.291465320283904
0.7676045483405907,0.38385036093393665,1.259548344269941,1.4383267793452246,1.291465320283904
0.7676045483405907,0.38385036093393665,1.259548344269941,1.1265075146487689,1.7866438982733766
1.5292283155338189,1.1124755778949051,0.11177726944111423,1.4383267793452246,1.7866438982733766
0.895899287872382,1.0775624424562529,0.1734381354497628,0.605527958901747,0.3019918764244639
1.1728093380238114,1.0775624424562529,0.1734381354497628,0.605527958901747,0.3019918764244639
0.895899287872382,0.16957556659619807,0.1734381354497628,0.605527958901747,0.3019918764244639
0.895899287872382,1.0775624424562529,0.45933328635238485,0.605527958901747,0.3019918764244639
0.895899287872382,1.0775624424562529,0.1734381354497628,0.9771384483521839,0.3019918764244639
0.895899287872382,1.0775624424562529,0.1734381354497628,0.605527958901747,0.28312946484541435
1.1728093380238114,0.16957556659619807,0.45933328635238485,0.9771384483521839,0.28312946484541435
0.21959133697380692,0.1821020551233815,1.5008948222175014,0.22068207801717873,1.779522990425847
0.1794504091715593,0.1821020551233815,1.5008948222175014,0.22068207801717873,1.779522990425847
0.21959133697380692,0.8131568718087389,1.5008948222175014,0.22068207801717873,1.779522990425847
0.21959133697380692,0.1821020551233815,0.8265215115006167,0.22068207801717873,1.779522990425847
0.21959133697380692,0.1821020551233815,1.5008948222175014,0.2038884932043694,1.779522990425847
0.21959133697380692,0.1821020551233815,1.5008948222175014,0.22068207801717873,1.188664571832197
0.1794504091715593,0.8131568718087389,0.8265215115006167,0.2038884932043694,1.188664571832197
0.49102962618272933,0.7804032374403549,0.3978712571902573,1.326504984193296,0.7091223767034516
0.4631374933588438,0.7804032374403549,0.3978712571902573,1.326504984193296,0.7091223767034516
0.49102962618272933,0.3159917229520999,0.3978712571902573,1.326504984193296,0.7091223767034516
0.49102962618272933,0.7804032374403549,1.259388953365528,1.326504984193296,0.7091223767034516
0.49102962618272933,0.7804032374403549,0.3978712571902573,0.388196940171628,0.7091223767034516
0.49102962618272933,0.7804032374403549,0.3978712571902573,1.326504984193296,0.6185199165432996
0.4631374933588438,0.3159917229520999,1.259388953365528,0.388196940171628,0.6185199165432996
1.2106001810244897,0.2784394448804074,0.6388943346249215,0.41853275254097855,0.4476365343178904
0.7122303436239585,0.2784394448804074,0.6388943346249215,0.41853275254097855,0.4476365343178904
1.2106001810244897,1.3818536691820353,0.6388943346249215,0.41853275254097855,0.4476365343178904
1.2106001810244897,0.2784394448804074,0.15654593293646435,0.41853275254097855,0.4476365343178904
1.2106001810244897,0.2784394448804074,0.6388943346249215,1.6756495630084247,0.4476365343178904
1.2106001810244897,0.2784394448804074,0.6388943346249215,0.41853275254097855,0.47313876145735456
0.7122303436239585,1.3818536691820353,0.15654593293646435,1.6756495630084247,0.47313876145735456
1.5186276568974915,0.7125898629340337,2.152041550836667,0.5545625199874062,0.5031939686137462
1.3641836111245058,0.7125898629340337,2.152041550836667,0.5545625199874062,0.5031939686137462
1.5186276568974915,0.37891186221918194,2.152041550836667,0.5545625199874062,0.5031939686137462
1.5186276568974915,0.7125898629340337,2.123573795294612,0.5545625199874062,0.5031939686137462
1.5186276568974915,0.7125898629340337,2.152041550836667,0.46234859987403326,0.5031939686137462
1.5186276568974915,0.7125898629340337,2.152041550836667,0.5545625199874062,1.5018822848519735
1.3641836111245058,0.37891186221918194,2.123573795294612,0.46234859987403326,1.5018822848519735
0.3484382276715391,0.44651246273972217,0.11811904931308169,1.7498789938111088,0.8302169606555793
0.27924788166240694,0.44651246273972217,0.11811904931308169,1.7498789938111088,0.8302169606555793
0.3484382276715391,1.6564032455118358,0.11811904931308169,1.7498789938111088,0.8302169606555793
0.3484382276715391,0.44651246273972217,0.19074150193255549,1.7498789938111088,0.8302169606555793
0.3484382276715391,0.44651246273972217,0.11811904931308169,1.3137259307023819,0.8302169606555793
0.3484382276715391,0.44651246273972217,0.11811904931308169,1.7498789938111088,0.22408137566595895
0.27924788166240694,1.6564032455118358,0.19074150193255549,1.3137259307023819,0.22408137566595895
0.2744683880552256,2.0829703385286003,0.9380805448277189,0.2909599591165413,1.1135123393237178
0.2989618360256841,2.0829703385286003,0.9380805448277189,0.2909599591165413,1.1135123393237178
0.2744683880552256,0.1431401519535074,0.9380805448277189,0.2909599591165413,1.1135123393237178
0.2744683880552256,2.0829703385286003,0.264702622261766,0.2909599591165413,1.1135123393237178
0.2744683880552256,2.0829703385286003,0.9380805448277189,0.713614602421,1.1135123393237178
0.2744683880552256,2.0829703385286003,0.9380805448277189,0.2909599591165413,0.34961298276113834
0.2989618360256841,0.1431401519535074,0.264702622261766,0.713614602421,0.34961298276113834
0.6259920107158669,0.1378304171491647,0.2774938790987015,0.8019038453247124,0.21172048918575093
0.6095756758341706,0.1378304171491647,0.2774938790987015,0.8019038453247124,0.21172048918575093
0.6259920107158669,0.6861411013810688,0.2774938790987015,0.8019038453247124,0.21172048918575093
0.6259920107158669,0.1378304171491647,0.6589004476352294,0.8019038453247124,0.21172048918575093
0.6259920107158669,0.1378304171491647,0.2774938790987015,0.29898388653689373,0.21172048918575093
0.6259920107158669,0.1378304171491647,0.2774938790987015,0.8019038453247124,0.8370475228114943
0.6095756758341706,0.6861411013810688,0.6589004476352294,0.29898388653689373,0.8370475228114943
0.6485533537553017,0.6276905255545897,0.1515419711558586,1.176857322401536,0.9950177215912944
0.7475533200001392,0.6276905255545897,0.1515419711558586,1.176857322401536,0.9950177215912944
0.6485533537553017,0.11294320957099492,0.1515419711558586,1.176857322401536,0.9950177215912944
0.6485533537553017,0.6276905255545897,0.8530936819084904,1.176857322401536,0.9950177215912944
0.6485533537553017,0.6276905255545897,0.1515419711558586,1.1891101604250676,0.9950177215912944
0.6485533537553017,0.6276905255545897,0.1515419711558586,1.176857322401536,0.3998075573625926
0.7475533200001392,0.11294320957099492,0.8530936819084904,1.1891101604250676,0.3998075573625926
0.2643207263130049,0.47359806582737524,1.582652227933389,0.35884487078765254,0.5425674562323037
0.4817326964931219,0.47359806582737524,1.582652227933389,0.35884487078765254,0.5425674562323037
0.2643207263130049,0.5945229339528281,1.582652227933389,0.35884487078765254,0.5425674562323037
0.2643207263130049,0.47359806582737524,0.4748084904486626,0.35884487078765254,0.5425674562323037
0.2643207263130049,0.47359806582737524,1.582652227933389,0.5476726184081452,0.5425674562323037
0.2643207263130049,0.47359806582737524,1.582652227933389,0.35884487078765254,0.9654540760854715
0.4817326964931219,0.5945229339528281,0.4748084904486626,0.5476726184081452,0.9654540760854715
0.36059717356778154,2.006084049852479,0.28847917320430466,0.7063526436292533,0.24916344670885845
0.19175333910930423,2.006084049852479,0.28847917320430466,0.7063526436292533,0.24916344670885845
0.36059717356778154,0.4746495025693894,0.28847917320430466,0.7063526436292533,0.24916344670885845
0.36059717356778154,2.006084049852479,0.14735038340247028,0.7063526436292533,0.24916344670885845
0.36059717356778154,2.006084049852479,0.28847917320430466,0.3294298272979642,0.24916344670885845
0.36059717356778154,2.006084049852479,0.28847917320430466,0.7063526436292533,1.7284492767736495
0.19175333910930423,0.4746495025693894,0.14735038340247028,0.3294298272979642,1.7284492767736495
1.4641509424144201,0.1603132787950942,0.8118597652075881,0.2487139851674048,1.2681570421594164
1.241960896695091,0.1603132787950942,0.8118597652075881,0.2487139851674048,1.2681570421594164
1.4641509424144201,1.8894832764467127,0.8118597652075881,0.2487139851674048,1.2681570421594164
1.4641509424144201,0.1603132787950942,1.1836667324288441,0.2487139851674048,1.2681570421594164
1.4641509424144201,0.1603132787950942,0.8118597652075881,0.6040521723111592,1.2681570421594164
1.4641509424144201,0.1603132787950942,0.8118597652075881,0.2487139851674048,0.2556866026693381
1.241960896695091,1.8894832764467127,1.1836667324288441,0.6040521723111592,0.2556866026693381
1.1658417583577554,1.2540859868452598,1.0729757924835024,0.32831559826192686,1.3863342867135418
0.6514132887786271,1.2540859868452598,1.0729757924835024,0.32831559826192686,1.3863342867135418
1.1658417583577554,0.2753873367049545,1.0729757924835024,0.32831559826192686,1.3863342867135418
1.1658417583577554,1.2540859868452598,0.18479757794691035,0.32831559826192686,1.3863342867135418
1.1658417583577554,1.2540859868452598,1.0729757924835024,0.24314855110827055,1.3863342867135418
1.1658417583577554,1.2540859868452598,1.0729757924835024,0.32831559826192686,0.7012680320616566
0.6514132887786271,0.2753873367049545,0.18479757794691035,0.24314855110827055,0.7012680320616566
0.5087268149261929,0.175485568488238,0.218276370034234,0.9363068915671356,0.2999644010986812
0.3166115774224357,0.175485568488238,0.218276370034234,0.9363068915671356,0.2999644010986812
0.5087268149261929,1.096661365013542,0.218276370034234,0.9363068915671356,0.2999644010986812
0.5087268149261929,0.175485568488238,2.054416203541326,0.9363068915671356,0.2999644010986812
0.5087268149261929,0.175485568488238,0.218276370034234,0.8766875789338968,0.2999644010986812
0.5087268149261929,0.175485568488238,0.218276370034234,0.9363068915671356,0.5504220808253248
0.3166115774224357,1.096661365013542,2.054416203541326,0.8766875789338968,0.5504220808253248
0.21171409103969893,0.8283060133088228,0.5636326571548539,0.4749025263482982,0.35515255165673587
0.2930765610827871,0.8283060133088228,0.5636326571548539,0.4749025263482982,0.35515255165673587
0.21171409103969893,0.19685790434393696,0.5636326571548539,0.4749025263482982,0.35515255165673587
0.21171409103969893,0.8283060133088228,0.7000415452179137,0.4749025263482982,0.35515255165673587
0.21171409103969893,0.8283060133088228,0.5636326571548539,1.4073500809524797,0.35515255165673587
0.21171409103969893,0.8283060133088228,0.5636326571548539,0.4749025263482982,0.32864846290814553
0.2930765610827871,0.19685790434393696,0.7000415452179137,1.4073500809524797,0.32864846290814553
0.9271621603705757,0.24543247792295242,0.42552369688811315,1.5510157788239576,0.6668507994851686
1.4188565144864516,0.24543247792295242,0.42552369688811315,1.5510157788239576,0.6668507994851686
0.9271621603705757,1.0366222361768034,0.42552369688811315,1.5510157788239576,0.6668507994851686
0.9271621603705757,0.24543247792295242,0.2816310027591706,1.5510157788239576,0.6668507994851686
0.9271621603705757,0.24543247792295242,0.42552369688811315,0.43197987242697955,0.6668507994851686
0.9271621603705757,0.24543247792295242,0.42552369688811315,1.5510157788239576,1.3447094481378363
1.4188565144864516,1.0366222361768034,0.2816310027591706,0.43197987242697955,1.3447094481378363
0.7970600042092483,1.6865479068455251,0.6878510492481943,0.8372961075969451,0.47634861078724405
0.9423180129894945,1.6865479068455251,0.6878510492481943,0.8372961075969451,0.47634861078724405
0.7970600042092483,0.3344326070359149,0.6878510492481943,0.8372961075969451,0.47634861078724405
0.7970600042092483,1.6865479068455251,0.21071458389104536,0.8372961075969451,0.47634861078724405
0.7970600042092483,1.6865479068455251,0.6878510492481943,0.20826432494610334,0.47634861078724405
0.7970600042092483,1.6865479068455251,0.6878510492481943,0.8372961075969451,0.21670725015156
0.9423180129894945,0.3344326070359149,0.21071458389104536,0.20826432494610334,0.21670725015156
0.18179034654382972,0.11176105806486133,0.35680505109713573,0.29354732917140924,0.8731174111858739
0.1929193536423042,0.11176105806486133,0.35680505109713573,0.29354732917140924,0.8731174111858739
0.18179034654382972,1.269042233331901,0.35680505109713573,0.29354732917140924,0.8731174111858739
0.18179034654382972,0.11176105806486133,1.6109873329768056,0.29354732917140924,0.8731174111858739
0.18179034654382972,0.11176105806486133,0.35680505109713573,1.0246844071046912,0.8731174111858739
0.18179034654382972,0.11176105806486133,0.35680505109713573,0.29354732917140924,1.5489973806851582
0.1929193536423042,1.269042233331901,1.6109873329768056,1.0246844071046912,1.5489973806851582
0.4528332526124646,0.5775727766164646,1.2786893447330878,1.7344480582185866,1.0979888172232573
0.4317688861915047,0.5775727766164646,1.2786893447330878,1.7344480582185866,1.0979888172232573
0.4528332526124646,0.1680396975213588,1.2786893447330878,1.7344480582185866,1.0979888172232573
0.4528332526124646,0.5775727766164646,0.4998330794548446,1.7344480582185866,1.0979888172232573
0.4528332526124646,0.5775727766164646,1.2786893447330878,1.5843219767693135,1.0979888172232573
0.4528332526124646,0.5775727766164646,1.2786893447330878,1.7344480582185866,0.8079932793513722
0.4317688861915047,0.1680396975213588,0.4998330794548446,1.5843219767693135,0.8079932793513722
1.0389808915425336,0.36138506624082506,0.17898890096905312,0.53112357595596,0.21561183693097258
0.8804901900810411,0.36138506624082506,0.17898890096905312,0.53112357595596,0.21561183693097258
1.0389808915425336,0.8456358597197912,0.17898890096905312,0.53112357595596,0.21561183693097258
1.0389808915425336,0.36138506624082506,0.29246024743269594,0.53112357595596,0.21561183693097258
1.0389808915425336,0.36138506624082506,0.17898890096905312,0.3833356718532319,0.21561183693097258
1.0389808915425336,0.36138506624082506,0.17898890096905312,0.53112357595596,0.3630264193331341
0.8804901900810411,0.8456358597197912,0.29246024743269594,0.3833356718532319,0.3630264193331341
1.2801179335851796,0.9188050925763219,0.23640457367040302,0.40105827086791157,0.3416160764373275
1.4669863218720676,0.9188050925763219,0.23640457367040302,0.40105827086791157,0.3416160764373275
1.2801179335851796,0.1385497813482612,0.23640457367040302,0.40105827086791157,0.3416160764373275
1.2801179335851796,0.9188050925763219,0.9121094064598495,0.40105827086791157,0.3416160764373275
1.2801179335851796,0.9188050925763219,0.23640457367040302,1.3418656314129231,0.3416160764373275
1.2801179335851796,0.9188050925763219,0.23640457367040302,0.40105827086791157,1.149532949312655
1.4669863218720676,0.1385497813482612,0.9121094064598495,1.3418656314129231,1.149532949312655
0.3156019506005122,0.32829596784435544,0.9681309626751217,1.3155129974886455,1.5796946860453467
0.2244307358649903,0.32829596784435544,0.9681309626751217,1.3155129974886455,1.5796946860453467
0.3156019506005122,0.6969777054806029,0.9681309626751217,1.3155129974886455,1.5796946860453467
0.3156019506005122,0.32829596784435544,0.34911347328248254,1.3155129974886455,1.5796946860453467
0.3156019506005122,0.32829596784435544,0.9681309626751217,0.4848338605654754,1.5796946860453467
0.3156019506005122,0.32829596784435544,0.9681309626751217,1.3155129974886455,0.2920102865336603
0.2244307358649903,0.6969777054806029,0.34911347328248254,0.4848338605654754,0.2920102865336603
0.22316763672976372,1.2699840190670335,0.12717374927946648,0.22252510201806433,0.7701065600179967
0.3694855283694723,1.2699840190670335,0.12717374927946648,0.22252510201806433,0.7701065600179967
0.22316763672976372,0.41048385432065587,0.12717374927946648,0.22252510201806433,0.7701065600179967
0.22316763672976372,1.2699840190670335,0.11896554284329637,0.22252510201806433,0.7701065600179967
0.22316763672976372,1.2699840190670335,0.12717374927946648,0.28269542143290766,0.7701065600179967
0.22316763672976372,1.2699840190670335,0.12717374927946648,0.22252510201806433,0.4567141375314451
0.3694855283694723,0.41048385432065587,0.11896554284329637,0.28269542143290766,0.4567141375314451
0.5470064753192778,0.21430920205812967,1.929862864914358,0.6319140335620055,0.41036131721828945
0.5681292375298945,0.21430920205812967,1.929862864914358,0.6319140335620055,0.41036131721828945
0.5470064753192778,1.5570568227459323,1.929862864914358,0.6319140335620055,0.41036131721828945
0.5470064753192778,0.21430920205812967,1.3898635356508484,0.6319140335620055,0.41036131721828945
0.5470064753192778,0.21430920205812967,1.929862864914358,0.7047074753361705,0.41036131721828945
0.5470064753192778,0.21430920205812967,1.929862864914358,0.6319140335620055,0.6422421357934412
0.5681292375298945,1.5570568227459323,1.3898635356508484,0.7047074753361705,0.6422421357934412
0.5744189817614688,1.4212942175458176,0.3923365185407102,0.502207738829561,1.3417401609533615
0.2551562589332526,1.4212942175458176,0.3923365185407102,0.502207738829561,1.3417401609533615
0.5744189817614688,0.5262179763906157,0.3923365185407102,0.502207738829561,1.3417401609533615
0.5744189817614688,1.4212942175458176,0.12867771053250388,0.502207738829561,1.3417401609533615
0.5744189817614688,1.4212942175458176,0.3923365185407102,0.9590519516804428,1.3417401609533615
0.5744189817614688,1.4212942175458176,0.3923365185407102,0.502207738829561,0.5761835332496492
0.2551562589332526,0.5262179763906157,0.12867771053250388,0.9590519516804428,0.5761835332496492
0.2515529745741554,0.19914423878742352,0.6257849128786213,1.381150758994442,0.23629466633686827
1.6594208247001758,0.19914423878742352,0.6257849128786213,1.381150758994442,0.23629466633686827
0.2515529745741554,0.12612089244471344,0.6257849128786213,1.381150758994442,0.23629466633686827
0.2515529745741554,0.19914423878742352,1.5054122414080986,1.381150758994442,0.23629466633686827
0.2515529745741554,0.19914423878742352,0.6257849128786213,0.22224109680918402,0.23629466633686827
0.2515529745741554,0.19914423878742352,0.6257849128786213,1.381150758994442,0.7670919332102025
1.6594208247001758,0.12612089244471344,1.5054122414080986,0.22224109680918402,0.7670919332102025
0.32808721036518573,1.0201751717282315,0.1630320319738792,0.3185521649397518,0.5932933384312645
0.5566705516248983,1.0201751717282315,0.1630320319738792,0.3185521649397518,0.5932933384312645
0.32808721036518573,2.0615052909260876,0.1630320319738792,0.3185521649397518,0.5932933384312645
0.32808721036518573,1.0201751717282315,0.988019465443242,0.3185521649397518,0.5932933384312645
0.32808721036518573,1.0201751717282315,0.1630320319738792,0.35606210381316183,0.5932933384312645
0.32808721036518573,1.0201751717282315,0.1630320319738792,0.3185521649397518,1.1993522375431103
0.5566705516248983,2.0615052909260876,0.988019465443242,0.35606210381316183,1.1993522375431103
1.4316526996803576,0.30188831389214577,1.4033273725931297,1.0073267446693852,0.906644210460137
0.3638664064230676,0.30188831389214577,1.4033273725931297,1.0073267446693852,0.906644210460137
1.4316526996803576,0.4505901758992305,1.4033273725931297,1.0073267446693852,0.906644210460137
1.4316526996803576,0.30188831389214577,0.3775837585409249,1.0073267446693852,0.906644210460137
1.4316526996803576,0.30188831389214577,1.4033273725931297,1.7077938167013755,0.906644210460137
1.4316526996803576,0.30188831389214577,1.4033273725931297,1.0073267446693852,0.32180452943951976
0.3638664064230676,0.4505901758992305,0.3775837585409249,1.7077938167013755,0.32180452943951976
0.9960779649528978,0.5277505256622558,0.876657650634132,0.7664805092080411,0.6356296970389561
0.2184092613104358,0.5277505256622558,0.876657650634132,0.7664805092080411,0.6356296970389561
0.9960779649528978,1.1548061030377044,0.876657650634132,0.7664805092080411,0.6356296970389561
0.9960779649528978,0.5277505256622558,0.5577155967701818,0.7664805092080411,0.6356296970389561
0.9960779649528978,0.5277505256622558,0.876657650634132,0.5222683665588486,0.6356296970389561
0.9960779649528978,0.5277505256622558,0.876657650634132,0.7664805092080411,0.9860032097847123
0.2184092613104358,1.1548061030377044,0.5577155967701818,0.5222683665588486,0.9860032097847123
0.4044474449775479,0.39886093612325896,0.26097619958651647,0.2433979265727622,0.37124553931552806
1.0710207493897064,0.39886093612325896,0.26097619958651647,0.2433979265727622,0.37124553931552806
0.4044474449775479,0.2525019833792015,0.26097619958651647,0.2433979265727622,0.37124553931552806
0.4044474449775479,0.39886093612325896,0.3258163252915778,0.2433979265727622,0.37124553931552806
0.4044474449775479,0.39886093612325896,0.26097619958651647,1.2468961247933237,0.37124553931552806
0.4044474449775479,0.39886093612325896,0.26097619958651647,0.2433979265727622,0.44825524428011926
1.0710207493897064,0.2525019833792015,0.3258163252915778,1.2468961247933237,0.44825524428011926
0.17292030086525348,1.5565684617186801,2.1097117366354348,1.0570032139329377,0.2766463209618945
0.86637172435391,1.5565684617186801,2.1097117366354348,1.0570032139329377,0.2766463209618945
0.17292030086525348,0.9279844243605658,2.1097117366354348,1.0570032139329377,0.2766463209618945
0.17292030086525348,1.5565684617186801,0.23477173156454761,1.0570032139329377,0.2766463209618945
0.17292030086525348,1.5565684617186801,2.1097117366354348,0.7516984247299171,0.2766463209618945
0.17292030086525348,1.5565684617186801,2.1097117366354348,1.0570032139329377,0.23374228940766448
0.86637172435391,0.9279844243605658,0.23477173156454761,0.7516984247299171,0.23374228940766448
0.7047387780473424,0.12418241902158222,0.11637491726381329,0.38274811439122386,1.5082653457941948
0.4231807964726175,0.12418241902158222,0.11637491726381329,0.38274811439122386,1.5082653457941948
0.7047387780473424,0.22249544317650938,0.11637491726381329,0.38274811439122386,1.5082653457941948
0.7047387780473424,0.12418241902158222,1.7973578611598733,0.38274811439122386,1.5082653457941948
0.7047387780473424,0.12418241902158222,0.11637491726381329,0.2647658646890918,1.5082653457941948
0.7047387780473424,0.12418241902158222,0.11637491726381329,0.38274811439122386,1.6511969535990647
0.4231807964726175,0.22249544317650938,1.7973578611598733,0.2647658646890918,1.6511969535990647
0.8374566328374272,0.7425638045701553,1.7280886084081508,0.2068442068886752,0.2038420162065968
0.32167891024619705,0.7425638045701553,1.7280886084081508,0.2068442068886752,0.2038420162065968
0.8374566328374272,1.4525174508098855,1.7280886084081508,0.2068442068886752,0.2038420162065968
0.8374566328374272,0.7425638045701553,0.6285323333132729,0.2068442068886752,0.2038420162065968
0.8374566328374272,0.7425638045701553,1.7280886084081508,0.5879107198045773,0.2038420162065968
0.8374566328374272,0.7425638045701553,1.7280886084081508,0.2068442068886752,0.26932882574119726
0.32167891024619705,1.4525174508098855,0.6285323333132729,0.5879107198045773,0.26932882574119726
0.20526661452301562,0.2649926798521916,0.13873733997163154,0.6512570803213669,1.158096679115305
0.6644543982155494,0.2649926798521916,0.13873733997163154,0.6512570803213669,1.158096679115305
0.20526661452301562,0.30263284297936205,0.13873733997163154,0.6512570803213669,1.158096679115305
0.20526661452301562,0.2649926798521916,0.2525198545250593,0.6512570803213669,1.158096679115305
0.20526661452301562,0.2649926798521916,0.13873733997163154,1.1064259462311492,1.158096679115305
0.20526661452301562,0.2649926798521916,0.13873733997163154,0.6512570803213669,1.0890518598133174
0.6644543982155494,0.30263284297936205,0.2525198545250593,1.1064259462311492,1.0890518598133174
0.4631450902163831,1.139011664088415,0.7358913250091483,0.4503967384999562,0.7982527738278794
1.2536251064695512,1.139011664088415,0.7358913250091483,0.4503967384999562,0.7982527738278794
0.4631450902163831,0.7829180131703957,0.7358913250091483,0.4503967384999562,0.7982527738278794
0.4631450902163831,1.139011664088415,0.1656784922561229,0.4503967384999562,0.7982527738278794
0.4631450902163831,1.139011664088415,0.7358913250091483,0.6438180701467421,0.7982527738278794
0.4631450902163831,1.139011664088415,0.7358913250091483,0.4503967384999562,0.6501271756865942
1.2536251064695512,0.7829180131703957,0.1656784922561229,0.6438180701467421,0.6501271756865942
1.1418527815594517,0.19244772827706969,0.31837604234783534,1.2439519126875833,0.5226396387225568
0.2579274237761454,0.19244772827706969,0.31837604234783534,1.2439519126875833,0.5226396387225568
1.1418527815594517,0.17939099901551486,0.31837604234783534,1.2439519126875833,0.5226396387225568
1.1418527815594517,0.19244772827706969,1.844750369737478,1.2439519126875833,0.5226396387225568
1.1418527815594517,0.19244772827706969,0.31837604234783534,0.3094450865388119,0.5226396387225568
1.1418527815594517,0.19244772827706969,0.31837604234783534,1.2439519126875833,0.5163454373554677
0.2579274237761454,0.17939099901551486,1.844750369737478,0.3094450865388119,0.5163454373554677
1.6100595395035704,2.189858757863614,0.19901706170678898,1.626080807089585,0.43040214861472315
0.49178974801233305,2.189858757863614,0.19901706170678898,1.626080807089585,0.43040214861472315
1.6100595395035704,0.6531190604422314,0.19901706170678898,1.626080807089585,0.43040214861472315
1.6100595395035704,2.189858757863614,0.13597922712764024,1.626080807089585,0.43040214861472315
1.6100595395035704,2.189858757863614,0.19901706170678898,0.8229516387259801,0.43040214861472315
1.6100595395035704,2.189858757863614,0.19901706170678898,1.626080807089585,1.3701309116335754
0.49178974801233305,0.6531190604422314,0.13597922712764024,0.8229516387259801,1.3701309116335754
0.36941660808403887,0.14487953918807756,1.1772393256014513,0.591365444370058,0.7365259228353217
0.7593018728758574,0.14487953918807756,1.1772393256014513,0.591365444370058,0.7365259228353217
0.36941660808403887,0.14959537472611395,1.1772393256014513,0.591365444370058,0.7365259228353217
0.36941660808403887,0.14487953918807756,1.0940070718050632,0.591365444370058,0.7365259228353217
0.36941660808403887,0.14487953918807756,1.1772393256014513,0.2592597658561244,0.7365259228353217
0.36941660808403887,0.14487953918807756,1.1772393256014513,0.591365444370058,0.21407532100277873
0.7593018728758574,0.14959537472611395,1.0940070718050632,0.2592597658561244,0.21407532100277873
0.2936224083258198,0.6739166428641549,0.46734256180846245,0.8555514542167711,1.7133041364075527
1.0920928787971627,0.6739166428641549,0.46734256180846245,0.8555514542167711,1.7133041364075527
0.2936224083258198,1.7213229123872655,0.46734256180846245,0.8555514542167711,1.7133041364075527
0.2936224083258198,0.6739166428641549,0.788410009016013,0.8555514542167711,1.7133041364075527
0.2936224083258198,0.6739166428641549,0.46734256180846245,0.4017806772644946,1.7133041364075527
0.2936224083258198,0.6739166428641549,0.46734256180846245,0.8555514542167711,0.3831808567776281
1.0920928787971627,1.7213229123872655,0.788410009016013,0.4017806772644946,0.3831808567776281
0.6696774479739169,0.4223480953262834,0.5130094370274241,0.2705296452445194,0.3140834120141642
0.16947109626284518,0.4223480953262834,0.5130094370274241,0.2705296452445194,0.3140834120141642
0.6696774479739169,0.3585071922517795,0.5130094370274241,0.2705296452445194,0.3140834120141642
0.6696774479739169,0.4223480953262834,0.4382028660505572,0.2705296452445194,0.3140834120141642
0.6696774479739169,0.4223480953262834,0.5130094370274241,1.511762975457377,0.3140834120141642
0.6696774479739169,0.4223480953262834,0.5130094370274241,0.2705296452445194,0.8760528556155383
0.16947109626284518,0.3585071922517795,0.4382028660505572,1.511762975457377,0.8760528556155383
